datetime,ABBV,ACRS,ADMP,ADMS,AEZS,AGEN,AGIO,AGN,DERM,DOVA,DRRX,ENTA,EXEL,NEOS,NVO,NVS,ONCE,OPK,VRTX,XENT,cash,commission,total,returns,equity_curve,drawdown
2017-01-01,0.0,0.0,0.0,0.0,0.0,0.0,0.0,0.0,0.0,0.0,0.0,0.0,0.0,0.0,0.0,0.0,0.0,0.0,0.0,0.0,1000000.0,0.0,1000000.0,,,
2017-01-03,0.0,0.0,0.0,0.0,0.0,0.0,0.0,0.0,0.0,,0.0,0.0,0.0,0.0,0.0,0.0,0.0,0.0,0.0,0.0,1000000.0,0.0,,0.0,1.0,-0.0
2017-01-04,0.0,0.0,0.0,0.0,0.0,0.0,0.0,0.0,0.0,,0.0,0.0,0.0,0.0,0.0,0.0,0.0,0.0,0.0,0.0,1000000.0,0.0,,0.0,1.0,-0.0
2017-01-05,0.0,0.0,0.0,0.0,0.0,0.0,0.0,0.0,0.0,,0.0,0.0,0.0,0.0,0.0,0.0,0.0,0.0,0.0,0.0,1000000.0,0.0,,0.0,1.0,-0.0
2017-01-06,0.0,0.0,0.0,0.0,0.0,0.0,0.0,0.0,0.0,,0.0,0.0,0.0,0.0,0.0,0.0,0.0,0.0,0.0,0.0,1000000.0,0.0,,0.0,1.0,-0.0
2017-01-09,0.0,0.0,0.0,0.0,0.0,0.0,0.0,0.0,0.0,,0.0,0.0,0.0,0.0,0.0,0.0,0.0,0.0,0.0,0.0,1000000.0,0.0,,0.0,1.0,-0.0
2017-01-10,0.0,0.0,0.0,0.0,0.0,0.0,0.0,0.0,0.0,,0.0,0.0,0.0,0.0,0.0,0.0,0.0,0.0,0.0,0.0,1000000.0,0.0,,0.0,1.0,-0.0
2017-01-11,0.0,0.0,0.0,0.0,0.0,0.0,0.0,0.0,0.0,,0.0,0.0,0.0,0.0,0.0,0.0,0.0,0.0,0.0,0.0,1000000.0,0.0,,0.0,1.0,-0.0
2017-01-12,0.0,0.0,0.0,0.0,0.0,0.0,0.0,0.0,0.0,,0.0,0.0,0.0,0.0,0.0,0.0,0.0,0.0,0.0,0.0,1000000.0,0.0,,0.0,1.0,-0.0
2017-01-13,0.0,0.0,0.0,0.0,0.0,0.0,0.0,0.0,0.0,,0.0,0.0,0.0,0.0,0.0,0.0,0.0,0.0,0.0,0.0,1000000.0,0.0,,0.0,1.0,-0.0
2017-01-17,0.0,0.0,0.0,0.0,0.0,0.0,0.0,0.0,0.0,,0.0,0.0,0.0,0.0,0.0,0.0,0.0,0.0,0.0,0.0,1000000.0,0.0,,0.0,1.0,-0.0
2017-01-18,0.0,0.0,0.0,0.0,0.0,0.0,0.0,0.0,0.0,,0.0,0.0,0.0,0.0,0.0,0.0,0.0,0.0,0.0,0.0,1000000.0,0.0,,0.0,1.0,-0.0
2017-01-19,0.0,0.0,0.0,0.0,0.0,0.0,0.0,0.0,0.0,,0.0,0.0,0.0,0.0,0.0,0.0,0.0,0.0,0.0,0.0,1000000.0,0.0,,0.0,1.0,-0.0
2017-01-20,0.0,0.0,0.0,0.0,0.0,0.0,0.0,0.0,0.0,,0.0,0.0,0.0,0.0,0.0,0.0,0.0,0.0,0.0,0.0,1000000.0,0.0,,0.0,1.0,-0.0
2017-01-23,0.0,0.0,0.0,0.0,0.0,0.0,0.0,0.0,0.0,,0.0,0.0,0.0,0.0,0.0,0.0,0.0,0.0,0.0,0.0,1000000.0,0.0,,0.0,1.0,-0.0
2017-01-24,0.0,0.0,0.0,0.0,0.0,0.0,0.0,0.0,0.0,,0.0,0.0,0.0,0.0,0.0,0.0,0.0,0.0,0.0,0.0,1000000.0,0.0,,0.0,1.0,-0.0
2017-01-25,0.0,0.0,0.0,0.0,0.0,0.0,0.0,0.0,0.0,,0.0,0.0,0.0,0.0,0.0,0.0,0.0,0.0,0.0,0.0,1000000.0,0.0,,0.0,1.0,-0.0
2017-01-26,0.0,0.0,0.0,0.0,0.0,0.0,0.0,0.0,0.0,,0.0,0.0,0.0,0.0,0.0,0.0,0.0,0.0,0.0,0.0,1000000.0,0.0,,0.0,1.0,-0.0
2017-01-27,0.0,0.0,0.0,0.0,0.0,0.0,0.0,0.0,0.0,,0.0,0.0,0.0,0.0,0.0,0.0,0.0,0.0,0.0,0.0,1000000.0,0.0,,0.0,1.0,-0.0
2017-01-30,0.0,0.0,0.0,0.0,0.0,0.0,0.0,0.0,0.0,,0.0,0.0,0.0,0.0,0.0,0.0,0.0,0.0,0.0,0.0,1000000.0,0.0,,0.0,1.0,-0.0
2017-01-31,0.0,0.0,0.0,0.0,0.0,0.0,0.0,0.0,0.0,,0.0,0.0,0.0,0.0,0.0,0.0,0.0,0.0,0.0,0.0,1000000.0,0.0,,0.0,1.0,-0.0
2017-02-01,0.0,0.0,0.0,0.0,0.0,0.0,0.0,0.0,0.0,,0.0,0.0,0.0,0.0,0.0,0.0,0.0,0.0,0.0,0.0,1000000.0,0.0,,0.0,1.0,-0.0
2017-02-02,0.0,0.0,0.0,0.0,0.0,0.0,0.0,0.0,0.0,,0.0,0.0,0.0,0.0,0.0,0.0,0.0,0.0,0.0,0.0,1000000.0,0.0,,0.0,1.0,-0.0
2017-02-03,0.0,0.0,0.0,0.0,0.0,0.0,0.0,0.0,0.0,,0.0,0.0,0.0,0.0,0.0,0.0,0.0,0.0,0.0,0.0,1000000.0,0.0,,0.0,1.0,-0.0
2017-02-06,0.0,0.0,0.0,0.0,0.0,0.0,0.0,0.0,0.0,,0.0,0.0,0.0,0.0,0.0,0.0,0.0,0.0,0.0,0.0,1000000.0,0.0,,0.0,1.0,-0.0
2017-02-07,0.0,0.0,0.0,0.0,0.0,0.0,0.0,0.0,0.0,,0.0,0.0,0.0,0.0,0.0,0.0,0.0,0.0,0.0,0.0,1000000.0,0.0,,0.0,1.0,-0.0
2017-02-08,0.0,0.0,0.0,0.0,0.0,0.0,0.0,0.0,0.0,,0.0,0.0,0.0,0.0,0.0,0.0,0.0,0.0,0.0,0.0,1000000.0,0.0,,0.0,1.0,-0.0
2017-02-09,0.0,0.0,0.0,0.0,0.0,0.0,0.0,0.0,0.0,,0.0,0.0,0.0,0.0,0.0,0.0,0.0,0.0,0.0,0.0,1000000.0,0.0,,0.0,1.0,-0.0
2017-02-10,0.0,0.0,0.0,0.0,0.0,0.0,0.0,0.0,0.0,,0.0,0.0,0.0,0.0,0.0,0.0,0.0,0.0,0.0,0.0,1000000.0,0.0,,0.0,1.0,-0.0
2017-02-13,0.0,0.0,0.0,0.0,0.0,0.0,0.0,0.0,0.0,,0.0,0.0,0.0,0.0,0.0,0.0,0.0,0.0,0.0,0.0,1000000.0,0.0,,0.0,1.0,-0.0
2017-02-14,0.0,0.0,0.0,0.0,0.0,0.0,0.0,0.0,0.0,,0.0,0.0,0.0,0.0,0.0,0.0,0.0,0.0,0.0,0.0,1000000.0,0.0,,0.0,1.0,-0.0
2017-02-15,0.0,0.0,0.0,0.0,0.0,0.0,0.0,0.0,0.0,,0.0,0.0,0.0,0.0,0.0,0.0,0.0,0.0,0.0,0.0,1000000.0,0.0,,0.0,1.0,-0.0
2017-02-16,0.0,0.0,0.0,0.0,0.0,0.0,0.0,0.0,0.0,,0.0,0.0,0.0,0.0,0.0,0.0,0.0,0.0,0.0,0.0,1000000.0,0.0,,0.0,1.0,-0.0
2017-02-17,0.0,0.0,0.0,0.0,0.0,0.0,0.0,0.0,0.0,,0.0,0.0,0.0,0.0,0.0,0.0,0.0,0.0,0.0,0.0,1000000.0,0.0,,0.0,1.0,-0.0
2017-02-21,0.0,0.0,0.0,0.0,0.0,0.0,0.0,0.0,0.0,,0.0,0.0,0.0,0.0,0.0,0.0,0.0,0.0,0.0,0.0,1000000.0,0.0,,0.0,1.0,-0.0
2017-02-22,0.0,0.0,0.0,0.0,0.0,0.0,0.0,0.0,0.0,,0.0,0.0,0.0,0.0,0.0,0.0,0.0,0.0,0.0,0.0,1000000.0,0.0,,0.0,1.0,-0.0
2017-02-23,0.0,0.0,0.0,0.0,0.0,0.0,0.0,0.0,0.0,,0.0,0.0,0.0,0.0,0.0,0.0,0.0,0.0,0.0,0.0,1000000.0,0.0,,0.0,1.0,-0.0
2017-02-24,0.0,0.0,0.0,0.0,0.0,0.0,0.0,0.0,0.0,,0.0,0.0,0.0,0.0,0.0,0.0,0.0,0.0,0.0,0.0,1000000.0,0.0,,0.0,1.0,-0.0
2017-02-27,0.0,0.0,0.0,0.0,0.0,0.0,0.0,0.0,0.0,,0.0,0.0,0.0,0.0,0.0,0.0,0.0,0.0,0.0,0.0,1000000.0,0.0,,0.0,1.0,-0.0
2017-02-28,0.0,0.0,0.0,0.0,0.0,0.0,0.0,0.0,0.0,,0.0,0.0,0.0,0.0,0.0,0.0,0.0,0.0,0.0,0.0,1000000.0,0.0,,0.0,1.0,-0.0
2017-03-01,0.0,0.0,0.0,0.0,0.0,0.0,0.0,0.0,0.0,,0.0,0.0,0.0,0.0,0.0,0.0,0.0,0.0,0.0,0.0,1000000.0,0.0,,0.0,1.0,-0.0
2017-03-02,0.0,0.0,0.0,0.0,0.0,0.0,0.0,0.0,0.0,,0.0,0.0,0.0,0.0,0.0,0.0,0.0,0.0,0.0,0.0,1000000.0,0.0,,0.0,1.0,-0.0
2017-03-03,0.0,0.0,0.0,0.0,0.0,0.0,0.0,0.0,0.0,,0.0,0.0,0.0,0.0,0.0,0.0,0.0,0.0,0.0,0.0,1000000.0,0.0,,0.0,1.0,-0.0
2017-03-06,0.0,0.0,0.0,0.0,0.0,0.0,0.0,0.0,0.0,,0.0,0.0,0.0,0.0,0.0,0.0,0.0,0.0,0.0,0.0,1000000.0,0.0,,0.0,1.0,-0.0
2017-03-07,0.0,0.0,0.0,0.0,0.0,0.0,0.0,0.0,0.0,,0.0,0.0,0.0,0.0,0.0,0.0,0.0,0.0,0.0,0.0,1000000.0,0.0,,0.0,1.0,-0.0
2017-03-08,0.0,0.0,0.0,0.0,0.0,0.0,0.0,0.0,0.0,,0.0,0.0,0.0,0.0,0.0,0.0,0.0,0.0,0.0,0.0,1000000.0,0.0,,0.0,1.0,-0.0
2017-03-09,0.0,0.0,0.0,0.0,0.0,0.0,0.0,0.0,0.0,,0.0,0.0,0.0,0.0,0.0,0.0,0.0,0.0,0.0,0.0,1000000.0,0.0,,0.0,1.0,-0.0
2017-03-10,0.0,0.0,0.0,0.0,0.0,0.0,0.0,0.0,0.0,,0.0,0.0,0.0,0.0,0.0,0.0,0.0,0.0,0.0,0.0,1000000.0,0.0,,0.0,1.0,-0.0
2017-03-13,0.0,0.0,0.0,0.0,0.0,0.0,0.0,0.0,0.0,,0.0,0.0,0.0,0.0,0.0,0.0,0.0,0.0,0.0,0.0,1000000.0,0.0,,0.0,1.0,-0.0
2017-03-14,0.0,0.0,0.0,0.0,0.0,0.0,0.0,0.0,0.0,,0.0,0.0,0.0,0.0,0.0,0.0,0.0,0.0,0.0,0.0,1000000.0,0.0,,0.0,1.0,-0.0
2017-03-15,0.0,0.0,0.0,0.0,0.0,0.0,0.0,0.0,0.0,,0.0,0.0,0.0,0.0,0.0,50306.382,0.0,0.0,0.0,0.0,950027.578,5.5200000000000005,,0.0,1.0,-0.0
2017-03-16,0.0,0.0,0.0,0.0,0.0,0.0,0.0,0.0,0.0,,0.0,0.0,0.0,0.0,0.0,50372.967,0.0,0.0,0.0,0.0,950027.578,5.5200000000000005,,0.0,1.0,-0.0
2017-03-17,0.0,0.0,0.0,0.0,0.0,0.0,0.0,0.0,0.0,,0.0,0.0,0.0,0.0,0.0,50293.064999999995,0.0,0.0,0.0,0.0,950027.578,5.5200000000000005,,0.0,1.0,-0.0
2017-03-20,0.0,0.0,0.0,0.0,0.0,0.0,0.0,0.0,0.0,,0.0,0.0,0.0,0.0,0.0,50379.659999999996,0.0,0.0,0.0,0.0,950027.578,5.5200000000000005,,0.0,1.0,-0.0
2017-03-21,0.0,0.0,0.0,0.0,0.0,0.0,0.0,0.0,0.0,,0.0,0.0,0.0,0.0,0.0,49520.886000000006,0.0,0.0,0.0,0.0,950027.578,5.5200000000000005,,0.0,1.0,-0.0
2017-03-22,0.0,0.0,0.0,0.0,0.0,0.0,0.0,49812.6972,0.0,,0.0,0.0,0.0,0.0,0.0,49387.71600000001,0.0,0.0,0.0,0.0,900092.84,8.341000000000001,,0.0,1.0,-0.0
2017-03-23,0.0,0.0,0.0,0.0,0.0,0.0,0.0,50089.459,0.0,,0.0,0.0,0.0,0.0,0.0,49547.520000000004,0.0,0.0,0.0,0.0,900092.84,8.341000000000001,,0.0,1.0,-0.0
2017-03-24,0.0,0.0,0.0,0.0,0.0,0.0,0.0,50523.7411,0.0,,0.0,0.0,0.0,0.0,0.0,49507.569,0.0,0.0,0.0,0.0,900092.84,8.341000000000001,,0.0,1.0,-0.0
2017-03-27,0.0,0.0,0.0,0.0,0.0,0.0,0.0,50960.1498,0.0,,0.0,0.0,0.0,0.0,0.0,49993.53600000001,0.0,0.0,0.0,0.0,900092.84,8.341000000000001,,0.0,1.0,-0.0
2017-03-28,0.0,0.0,0.0,0.0,0.0,0.0,0.0,51204.9692,0.0,,0.0,0.0,0.0,0.0,0.0,49813.791,0.0,0.0,0.0,0.0,900092.84,8.341000000000001,,0.0,1.0,-0.0
2017-03-29,0.0,0.0,0.0,0.0,0.0,0.0,0.0,51377.3974,0.0,,0.0,0.0,0.0,0.0,0.0,49827.108,0.0,0.0,0.0,0.0,900092.84,8.341000000000001,,0.0,1.0,-0.0
2017-03-30,0.0,0.0,0.0,0.0,0.0,0.0,0.0,51049.553799999994,0.0,,0.0,0.0,0.0,0.0,0.0,49767.216,0.0,0.0,0.0,0.0,900092.84,8.341000000000001,,0.0,1.0,-0.0
2017-03-31,0.0,0.0,0.0,0.0,0.0,0.0,0.0,50862.2177,0.0,,0.0,0.0,0.0,0.0,0.0,49440.984,0.0,0.0,0.0,0.0,900092.84,8.341000000000001,,0.0,1.0,-0.0
2017-04-03,0.0,0.0,0.0,0.0,0.0,0.0,0.0,50598.2372,0.0,,0.0,0.0,0.0,0.0,0.0,49527.509999999995,0.0,0.0,0.0,0.0,900092.84,8.341000000000001,,0.0,1.0,-0.0
2017-04-04,0.0,0.0,0.0,0.0,0.0,0.0,0.0,50757.9058,0.0,,0.0,0.0,0.0,0.0,0.0,49773.840000000004,0.0,0.0,0.0,0.0,900092.84,8.341000000000001,,0.0,1.0,-0.0
2017-04-05,0.0,0.0,0.0,0.0,0.0,0.0,0.0,50617.3983,0.0,,0.0,0.0,0.0,0.0,0.0,49108.128,0.0,0.0,0.0,0.0,900092.84,8.341000000000001,,0.0,1.0,-0.0
2017-04-06,0.0,0.0,0.0,0.0,0.0,0.0,0.0,50738.744699999996,0.0,,0.0,0.0,0.0,0.0,0.0,49068.246,0.0,0.0,0.0,0.0,900092.84,8.341000000000001,,0.0,1.0,-0.0
2017-04-07,0.0,0.0,0.0,0.0,0.0,0.0,0.0,50847.3315,0.0,,0.0,0.0,0.0,0.0,0.0,49074.87,0.0,0.0,0.0,0.0,900092.84,8.341000000000001,,0.0,1.0,-0.0
2017-04-10,0.0,0.0,0.0,0.0,0.0,0.0,0.0,51117.6918,0.0,,0.0,0.0,0.0,0.0,0.0,48935.076,0.0,0.0,0.0,0.0,900092.84,8.341000000000001,,0.0,1.0,-0.0
2017-04-11,0.0,0.0,0.0,0.0,0.0,0.0,0.0,50902.6665,0.0,,0.0,0.0,0.0,0.0,0.0,49234.605,0.0,0.0,0.0,0.0,900092.84,8.341000000000001,,0.0,1.0,-0.0
2017-04-12,0.0,0.0,0.0,0.0,0.0,0.0,0.0,50630.1796,0.0,,0.0,0.0,0.0,0.0,0.0,49267.932,0.0,0.0,0.0,0.0,900092.84,8.341000000000001,,0.0,1.0,-0.0
2017-04-13,0.0,0.0,0.0,0.0,0.0,0.0,0.0,50630.1796,0.0,,0.0,0.0,0.0,0.0,0.0,48695.439,0.0,0.0,0.0,0.0,900092.84,8.341000000000001,,0.0,1.0,-0.0
2017-04-17,0.0,0.0,0.0,0.0,0.0,0.0,0.0,50268.288700000005,0.0,,0.0,0.0,0.0,0.0,0.0,48815.223000000005,0.0,0.0,0.0,0.0,900092.84,8.341000000000001,,0.0,1.0,-0.0
2017-04-18,0.0,0.0,0.0,0.0,0.0,0.0,0.0,49895.7214,0.0,,0.0,0.0,0.0,0.0,0.0,48548.952,0.0,0.0,0.0,0.0,900092.84,8.341000000000001,,0.0,1.0,-0.0
2017-04-19,0.0,0.0,0.0,0.0,0.0,0.0,0.0,50312.9907,0.0,,0.0,0.0,0.0,0.0,0.0,48422.475,0.0,0.0,0.0,0.0,900092.84,8.341000000000001,,0.0,1.0,-0.0
2017-04-20,0.0,0.0,0.0,0.0,0.0,0.0,0.0,50653.5939,0.0,,0.0,0.0,0.0,0.0,0.0,49008.284999999996,0.0,0.0,0.0,0.0,900092.84,8.341000000000001,,0.0,1.0,-0.0
2017-04-21,0.0,0.0,0.0,0.0,0.0,0.0,0.0,50315.1173,0.0,,0.0,0.0,0.0,0.0,0.0,48861.867,0.0,0.0,0.0,0.0,900092.84,8.341000000000001,,0.0,1.0,-0.0
2017-04-24,0.0,0.0,0.0,0.0,0.0,0.0,0.0,50449.223300000005,0.0,,0.0,0.0,0.0,0.0,0.0,49667.373,0.0,0.0,0.0,0.0,900092.84,8.341000000000001,,0.0,1.0,-0.0
2017-04-25,0.0,0.0,0.0,0.0,0.0,0.0,0.0,50713.2038,0.0,,0.0,0.0,0.0,0.0,0.0,50752.397999999994,0.0,0.0,0.0,0.0,900092.84,8.341000000000001,,0.0,1.0,-0.0
2017-04-26,0.0,0.0,0.0,0.0,0.0,0.0,0.0,50985.6907,0.0,,0.0,0.0,0.0,0.0,0.0,50825.676,0.0,0.0,0.0,0.0,900092.84,8.341000000000001,,0.0,1.0,-0.0
2017-04-27,0.0,0.0,0.0,0.0,0.0,0.0,0.0,51741.4366,0.0,,0.0,0.0,0.0,0.0,0.0,51298.257,0.0,0.0,0.0,0.0,900092.84,8.341000000000001,,0.0,1.0,-0.0
2017-04-28,0.0,0.0,0.0,0.0,0.0,0.0,0.0,51913.864799999996,0.0,,0.0,0.0,0.0,0.0,0.0,51278.316,0.0,0.0,0.0,0.0,900092.84,8.341000000000001,,0.0,1.0,-0.0
2017-05-01,0.0,0.0,0.0,0.0,0.0,0.0,0.0,52205.5128,0.0,,0.0,0.0,0.0,0.0,0.0,51258.37499999999,0.0,0.0,0.0,0.0,900092.84,8.341000000000001,,0.0,1.0,-0.0
2017-05-02,0.0,0.0,0.0,0.0,0.0,0.0,0.0,52262.9961,0.0,,0.0,0.0,0.0,0.0,0.0,51884.066999999995,0.0,0.0,0.0,0.0,900092.84,8.341000000000001,,0.0,1.0,-0.0
2017-05-03,0.0,0.0,0.0,0.0,0.0,0.0,0.0,51892.5771,0.0,,0.0,0.0,0.0,0.0,0.0,51651.123,0.0,0.0,0.0,0.0,900092.84,8.341000000000001,,0.0,1.0,-0.0
2017-05-04,0.0,0.0,0.0,0.0,0.0,0.0,0.0,52209.7877,0.0,,0.0,0.0,0.0,0.0,0.0,51797.541,0.0,0.0,0.0,0.0,900092.84,8.341000000000001,,0.0,1.0,-0.0
2017-05-05,0.0,0.0,0.0,0.0,0.0,0.0,0.0,52143.776300000005,0.0,,0.0,0.0,0.0,0.0,0.0,51804.234,0.0,0.0,0.0,0.0,900092.84,8.341000000000001,,0.0,1.0,-0.0
2017-05-08,0.0,0.0,0.0,0.0,0.0,0.0,0.0,51507.2719,0.0,,0.0,0.0,0.0,0.0,0.0,51857.502,0.0,0.0,0.0,0.0,900092.84,8.341000000000001,,0.0,1.0,-0.0
2017-05-09,0.0,0.0,0.0,0.0,0.0,0.0,0.0,50774.940299999995,0.0,,0.0,0.0,0.0,0.0,0.0,52270.191,0.0,0.0,0.0,0.0,900092.84,8.341000000000001,,0.0,1.0,-0.0
2017-05-10,0.0,0.0,0.0,0.0,0.0,0.0,0.0,48903.684199999996,0.0,,0.0,0.0,0.0,0.0,0.0,52476.57,0.0,0.0,0.0,0.0,900092.84,8.341000000000001,,0.0,1.0,-0.0
2017-05-11,0.0,0.0,0.0,0.0,0.0,0.0,0.0,49178.3194,0.0,,0.0,0.0,0.0,0.0,0.0,52403.361,0.0,0.0,0.0,0.0,900092.84,8.341000000000001,,0.0,1.0,-0.0
2017-05-12,0.0,0.0,0.0,0.0,0.0,0.0,0.0,49150.6302,0.0,,0.0,0.0,0.0,0.0,0.0,53574.98100000001,0.0,0.0,0.0,0.0,900092.84,8.341000000000001,,0.0,1.0,-0.0
2017-05-15,0.0,0.0,0.0,0.0,0.0,0.0,0.0,48584.3687,0.0,,0.0,0.0,0.0,0.0,0.0,53641.496999999996,0.0,0.0,0.0,0.0,900092.84,8.341000000000001,,0.0,1.0,-0.0
2017-05-16,0.0,0.0,0.0,0.0,0.0,0.0,0.0,47952.095799999996,0.0,,0.0,0.0,0.0,0.0,0.0,53827.935,0.0,0.0,0.0,0.0,900092.84,8.341000000000001,,0.0,1.0,-0.0
2017-05-17,0.0,0.0,0.0,0.0,0.0,0.0,0.0,47050.938200000004,0.0,,0.0,0.0,0.0,0.0,0.0,53162.223,0.0,0.0,0.0,0.0,900092.84,8.341000000000001,,0.0,1.0,-0.0
2017-05-18,0.0,0.0,0.0,0.0,0.0,0.0,0.0,46709.25,0.0,,0.0,0.0,0.0,0.0,0.0,53308.71,0.0,0.0,0.0,0.0,900092.84,8.341000000000001,,0.0,1.0,-0.0
2017-05-19,0.0,0.0,0.0,0.0,0.0,0.0,0.0,46794.6829,0.0,,0.0,0.0,0.0,0.0,0.0,53535.03,0.0,0.0,0.0,0.0,900092.84,8.341000000000001,,0.0,1.0,-0.0
2017-05-22,0.0,0.0,0.0,0.0,0.0,0.0,0.0,46877.9675,0.0,,0.0,0.0,0.0,0.0,0.0,54114.147,0.0,0.0,0.0,0.0,900092.84,8.341000000000001,,0.0,1.0,-0.0
2017-05-23,0.0,0.0,0.0,0.0,0.0,0.0,0.0,47121.398100000006,0.0,,0.0,0.0,0.0,0.0,0.0,53961.03600000001,0.0,0.0,0.0,0.0,900092.84,8.341000000000001,,0.0,1.0,-0.0
2017-05-24,0.0,0.0,0.0,0.0,0.0,0.0,0.0,47868.811200000004,0.0,,0.0,0.0,0.0,0.0,0.0,54187.424999999996,0.0,0.0,0.0,0.0,900092.84,8.341000000000001,,0.0,1.0,-0.0
2017-05-25,0.0,0.0,0.0,0.0,0.0,0.0,0.0,47911.5168,0.0,,0.0,0.0,0.0,0.0,0.0,54154.098,0.0,0.0,0.0,0.0,900092.84,8.341000000000001,,0.0,1.0,-0.0
2017-05-26,0.0,0.0,0.0,0.0,0.0,0.0,0.0,47646.7334,0.0,,0.0,0.0,0.0,0.0,0.0,53674.82399999999,0.0,0.0,0.0,0.0,900092.84,8.341000000000001,,0.0,1.0,-0.0
2017-05-30,0.0,0.0,0.0,0.0,0.0,0.0,0.0,47431.0354,0.0,,0.0,0.0,0.0,0.0,0.0,53608.239,0.0,0.0,0.0,0.0,900092.84,8.341000000000001,,0.0,1.0,-0.0
2017-05-31,0.0,0.0,0.0,0.0,0.0,0.0,0.0,47781.2734,0.0,,0.0,0.0,0.0,0.0,0.0,54433.685999999994,0.0,0.0,0.0,0.0,900092.84,8.341000000000001,,0.0,1.0,-0.0
2017-06-01,0.0,0.0,0.0,0.0,0.0,0.0,0.0,48558.5674,0.0,,0.0,0.0,0.0,0.0,0.0,54493.578,0.0,0.0,0.0,0.0,900092.84,8.341000000000001,,0.0,1.0,-0.0
2017-06-02,0.0,0.0,0.0,0.0,0.0,0.0,0.0,48723.01,0.0,,0.0,0.0,0.0,0.0,51125.7518,54739.908,0.0,0.0,0.0,0.0,850119.7838999999,17.837000000000003,,0.0,1.0,-0.0
2017-06-05,0.0,0.0,0.0,0.0,0.0,0.0,0.0,48727.2849,0.0,,0.0,0.0,0.0,0.0,50788.6438,54473.637,0.0,0.0,0.0,0.0,850119.7838999999,17.837000000000003,,0.0,1.0,-0.0
2017-06-06,0.0,0.0,0.0,0.0,0.0,0.0,0.0,48755.0392,0.0,,0.0,0.0,0.0,0.0,50347.0798,54480.329999999994,0.0,0.0,0.0,0.0,850119.7838999999,17.837000000000003,,0.0,1.0,-0.0
2017-06-07,0.0,0.0,0.0,0.0,0.0,0.0,0.0,48729.4115,0.0,,0.0,0.0,0.0,0.0,49672.9825,54067.572,0.0,0.0,0.0,0.0,850119.7838999999,17.837000000000003,,0.0,1.0,-0.0
2017-06-08,0.0,0.0,0.0,0.0,0.0,0.0,0.0,48989.941699999996,0.0,,0.0,0.0,0.0,0.0,49684.6151,53954.412000000004,0.0,0.0,0.0,0.0,850119.7838999999,17.837000000000003,,0.0,1.0,-0.0
2017-06-09,0.0,0.0,0.0,0.0,0.0,0.0,0.0,49619.914399999994,0.0,,0.0,0.0,0.0,0.0,49789.1898,54014.304,0.0,0.0,0.0,0.0,850119.7838999999,17.837000000000003,,0.0,1.0,-0.0
2017-06-12,0.0,0.0,0.0,0.0,0.0,0.0,0.0,49280.3745,0.0,,0.0,0.0,0.0,0.0,50521.331399999995,53814.617999999995,0.0,0.0,0.0,0.0,850119.7838999999,17.837000000000003,,0.0,1.0,-0.0
2017-06-13,0.0,0.0,0.0,0.0,0.0,0.0,0.0,49284.6277,0.0,,0.0,0.0,0.0,0.0,51032.691,54220.683,0.0,0.0,0.0,0.0,850119.7838999999,17.837000000000003,,0.0,1.0,-0.0
2017-06-14,0.0,0.0,0.0,0.0,0.0,0.0,0.0,49765.1091,0.0,,0.0,0.0,0.0,0.0,51137.3844,54100.829999999994,0.0,0.0,0.0,0.0,850119.7838999999,17.837000000000003,,0.0,1.0,-0.0
2017-06-15,0.0,0.0,0.0,0.0,0.0,0.0,0.0,50132.425,0.0,,0.0,0.0,0.0,0.0,49498.6122,53554.971,0.0,0.0,0.0,0.0,850119.7838999999,17.837000000000003,,0.0,1.0,-0.0
2017-06-16,0.0,0.0,0.0,0.0,0.0,0.0,0.0,50288.317800000004,0.0,,0.0,0.0,0.0,0.0,50207.607299999996,53807.925,0.0,0.0,0.0,0.0,850119.7838999999,17.837000000000003,,0.0,1.0,-0.0
2017-06-19,0.0,0.0,49036.5,0.0,0.0,0.0,0.0,50753.8479,0.0,,0.0,0.0,0.0,0.0,50765.497299999995,54213.99,0.0,0.0,0.0,0.0,800044.8638999999,94.757,,0.0,1.0,-0.0
2017-06-20,0.0,0.0,46440.45,0.0,0.0,0.0,0.0,50958.8478,0.0,,0.0,0.0,0.0,0.0,50172.709500000004,54320.526,0.0,0.0,0.0,0.0,800044.8638999999,94.757,,0.0,1.0,-0.0
2017-06-21,0.0,0.0,47594.25,0.0,0.0,0.0,0.0,52188.8906,0.0,,0.0,0.0,0.0,45625.0,50800.276399999995,54959.604,0.0,0.0,0.0,0.0,749994.8638999999,144.757,,0.0,1.0,-0.0
2017-06-22,0.0,0.0,50959.5,0.0,0.0,0.0,0.0,52769.734500000006,0.0,,0.0,0.0,0.0,46250.0,50753.8647,57475.896,0.0,0.0,0.0,0.0,749994.8638999999,144.757,,0.0,1.0,-0.0
2017-06-23,0.0,0.0,51921.0,0.0,0.0,0.0,0.0,52630.9196,0.0,,0.0,0.0,0.0,45312.5,51648.744,57475.896,0.0,0.0,0.0,0.0,749994.8638999999,144.757,,0.0,1.0,-0.0
2017-06-26,0.0,0.0,49998.0,0.0,0.0,0.0,0.0,53154.128300000004,0.0,,0.0,0.0,0.0,45937.5,51590.581,57083.148,0.0,0.0,0.0,0.0,749994.8638999999,144.757,,0.0,1.0,-0.0
2017-06-27,0.0,0.0,48075.0,0.0,0.0,0.0,0.0,52551.9099,0.0,,0.0,0.0,0.0,44062.5,50556.2292,56790.242999999995,0.0,0.0,0.0,0.0,749994.8638999999,144.757,,0.0,1.0,-0.0
2017-06-28,0.0,0.0,49998.0,0.0,0.0,0.0,0.0,52684.3233,0.0,,0.0,0.0,0.0,44687.5,50288.9168,56750.291999999994,0.0,0.0,0.0,0.0,749994.8638999999,144.757,,0.0,1.0,-0.0
2017-06-29,0.0,0.0,48555.75,0.0,0.0,0.0,0.0,52109.8809,0.0,0.0,0.0,0.0,0.0,45312.5,49289.4628,56044.698,0.0,0.0,0.0,0.0,749994.8638999999,144.757,1001307.1555999998,0.0013071555999997209,1.0013071555999997,-0.0
2017-06-30,0.0,0.0,49998.0,0.0,0.0,0.0,0.0,51911.2825,0.0,0.0,0.0,0.0,0.0,45625.0,49847.2341,55565.354999999996,0.0,0.0,0.0,0.0,749994.8638999999,144.757,1002941.7354999998,0.0016324460390184647,1.0029417354999999,-0.0
2017-07-03,0.0,0.0,50959.5,0.0,0.0,0.0,0.0,52101.331099999996,0.0,0.0,0.0,0.0,0.0,47812.5,49475.34700000001,55645.257000000005,0.0,0.0,0.0,0.0,749994.8638999999,144.757,1005988.7989999999,0.003038126136490904,1.005988799,-0.0
2017-07-05,0.0,0.0,53363.25,0.0,0.0,0.0,0.0,52167.5378,0.0,0.0,0.0,0.0,0.0,46250.0,49301.0954,55339.034999999996,0.0,0.0,0.0,0.0,749994.8638999999,144.757,1006415.7821,0.0004244412069245307,1.0064157821000002,-0.0
2017-07-06,0.0,0.0,53363.25,0.0,0.0,0.0,0.0,51582.419,0.0,0.0,0.0,0.0,0.0,44687.5,48743.2054,54566.85600000001,0.0,0.0,0.0,0.0,749994.8638999999,144.757,1002938.0942999999,-0.0034555179497915978,1.0029380943000001,-0.0034776878000000178
2017-07-07,0.0,0.0,52882.5,0.0,0.0,0.0,0.0,51398.7502,0.0,0.0,0.0,0.0,0.0,45312.5,48824.5149,54799.8,0.0,0.0,0.0,0.0,749994.8638999999,144.757,1003212.9289999999,0.0002740295752667876,1.003212929,-0.003202853100000125
2017-07-10,0.0,0.0,53844.0,0.0,0.0,0.0,0.0,51501.261,0.0,0.0,0.0,0.0,0.0,44687.5,48952.3548,54653.382000000005,0.0,0.0,0.0,0.0,749994.8638999999,144.757,1003633.3616999999,0.0004190862057760203,1.0036333617000002,-0.0027824203999999852
2017-07-11,0.0,0.0,51921.0,0.0,0.0,0.0,0.0,51704.1343,0.0,0.0,0.0,0.0,0.0,43750.0,48929.0896,54580.172999999995,0.0,0.0,0.0,0.0,749994.8638999999,144.757,1000879.2607999998,-0.0027441304814090905,1.0008792608000001,-0.005536521300000041
2017-07-12,0.0,0.0,52401.75,0.0,0.0,0.0,0.0,52445.1459,0.0,0.0,0.0,0.0,0.0,41250.0,49812.455,55392.303,0.0,0.0,0.0,0.0,749994.8638999999,144.757,1001296.5177999998,0.0004168904445742694,1.0012965178000002,-0.0051192642999999816
2017-07-13,0.0,0.0,51440.25,0.0,0.0,0.0,0.0,52133.3603,0.0,0.0,0.0,0.0,0.0,42812.5,49521.8774,54952.91100000001,0.0,0.0,0.0,0.0,749994.8638999999,144.757,1000855.7625999998,-0.0004401844929695642,1.0008557626,-0.0055600195000000685
2017-07-14,0.0,0.0,50959.5,0.0,0.0,0.0,0.0,52500.654500000004,0.0,0.0,0.0,0.0,0.0,44062.5,49951.927500000005,55359.045000000006,0.0,0.0,0.0,0.0,749994.8638999999,144.757,1002828.4909,0.0019710415563531924,1.0028284909000003,-0.003587291199999898
2017-07-17,0.0,0.0,50478.75,0.0,0.0,0.0,0.0,52859.420600000005,0.0,0.0,0.0,0.0,0.0,43750.0,50079.7674,55432.254,0.0,0.0,0.0,0.0,749994.8638999999,144.757,1002595.0558999998,-0.00023277659352360924,1.0025950559,-0.0038207262000000686
2017-07-18,0.0,0.0,49036.5,0.0,0.0,0.0,0.0,52475.048500000004,0.0,0.0,0.0,0.0,0.0,43437.5,50195.9747,56430.753,0.0,0.0,0.0,0.0,749994.8638999999,144.757,1001570.6401,-0.0010217642646165315,1.0015706401000002,-0.004845141999999969
2017-07-19,0.0,0.0,49036.5,0.0,0.0,0.0,0.0,52620.2432,0.0,0.0,0.0,0.0,0.0,42812.5,49475.34700000001,56603.873999999996,0.0,0.0,0.0,0.0,749994.8638999999,144.757,1000543.3280999999,-0.0010257009928900107,1.0005433281000002,-0.005872453999999916
2017-07-20,0.0,0.0,44709.75,0.0,0.0,0.0,0.0,53188.284100000004,0.0,0.0,0.0,0.0,0.0,42187.5,50614.3922,56863.452,0.0,0.0,0.0,0.0,749994.8638999999,144.757,997558.2422,-0.002983464899684596,0.9975582422000003,-0.008857539899999822
2017-07-21,0.0,0.0,46152.0,0.0,0.0,0.0,0.0,53594.0307,0.0,0.0,0.0,0.0,0.0,41250.0,49917.0297,56577.240000000005,0.0,0.0,0.0,0.0,749994.8638999999,144.757,997485.1642999998,-7.325677530267694e-05,0.9974851643000001,-0.00893061780000004
2017-07-24,0.0,0.0,45671.25,0.0,0.0,0.0,0.0,54138.5705,0.0,0.0,0.0,0.0,0.0,43125.0,48696.674999999996,56111.214,0.0,0.0,0.0,0.0,749994.8638999999,144.757,997737.5734,0.00025304546777626946,0.9977375734000002,-0.008678208699999912
2017-07-25,0.0,0.0,45671.25,0.0,0.0,0.0,0.0,54373.473000000005,0.0,0.0,0.0,0.0,0.0,42812.5,48998.885200000004,56051.322,0.0,0.0,0.0,0.0,749994.8638999999,144.757,997902.2940999999,0.00016509421354027332,0.9979022941000003,-0.008513487999999847
2017-07-26,0.0,0.0,44229.0,0.0,0.0,0.0,0.0,54700.2099,0.0,0.0,0.0,0.0,0.0,42187.5,48801.2497,56484.021,0.0,0.0,0.0,0.0,749994.8638999999,144.757,996396.8444999999,-0.0015086142289689741,0.9963968445000002,-0.010018937599999944
2017-07-27,0.0,0.0,41825.25,0.0,0.0,0.0,0.0,54275.2371,0.0,0.0,0.0,0.0,0.0,40625.0,48220.213200000006,56563.922999999995,0.0,0.0,0.0,0.0,749994.8638999999,144.757,991504.4871999999,-0.004910048969951397,0.9915044872000002,-0.014911294899999983
2017-07-28,0.0,0.0,45190.5,0.0,0.0,0.0,0.0,54029.6582,0.0,0.0,0.0,0.0,0.0,40312.5,48998.885200000004,56417.435999999994,0.0,0.0,0.0,0.0,749994.8638999999,144.757,994943.8432999998,0.0034688255518768862,0.9949438433000001,-0.011471938800000081
2017-07-31,0.0,0.0,44229.0,0.0,0.0,0.0,0.0,53884.4418,0.0,0.0,0.0,0.0,0.0,40312.5,49277.830200000004,56717.034,0.0,0.0,0.0,0.0,749994.8638999999,144.757,994415.6698999999,-0.0005308574986987447,0.9944156699000001,-0.01200011220000008
2017-08-01,0.0,0.0,42786.75,0.0,0.0,0.0,0.0,53856.6875,0.0,0.0,0.0,0.0,0.0,43125.0,48882.6779,56563.922999999995,0.0,0.0,0.0,0.0,749994.8638999999,144.757,995209.9022999998,0.0007986925629197561,0.9952099023000001,-0.011205879800000096
2017-08-02,0.0,0.0,41825.25,0.0,0.0,0.0,0.0,53425.3349,0.0,0.0,0.0,0.0,0.0,43437.5,49161.6229,56763.609,0.0,0.0,0.0,0.0,749994.8638999999,144.757,994608.1806999999,-0.0006046177782288442,0.9946081807000001,-0.011807601400000034
2017-08-03,0.0,0.0,41825.25,0.0,0.0,0.0,51125.44,53463.7656,0.0,0.0,0.0,0.0,0.0,42500.0,49382.4049,56497.338,0.0,0.0,0.0,0.0,699998.3358999998,151.245,994792.5343999998,0.00018535309036993297,0.9947925344,-0.011623247700000117
2017-08-04,0.0,0.0,44229.0,0.0,0.0,0.0,49844.06,51817.3215,0.0,0.0,0.0,0.0,0.0,41875.0,48882.6779,56563.922999999995,0.0,0.0,0.0,0.0,699998.3358999998,151.245,993210.3182999997,-0.0015904985665723403,0.9932103183,-0.013205463800000206
2017-08-07,50160.6675,0.0,44229.0,0.0,0.0,0.0,49519.66,51511.9374,0.0,0.0,0.0,50127.0,0.0,42500.0,48417.729999999996,56211.126000000004,0.0,0.0,0.0,0.0,599999.6241999998,167.493,992676.7451,-0.0005372207579488197,0.9926767451000003,-0.013739036999999898
2017-08-08,50336.721,0.0,44229.0,0.0,0.0,0.0,48262.61,51195.8986,0.0,0.0,0.0,51077.46,0.0,43750.0,47825.060900000004,56024.688,0.0,0.0,0.0,0.0,599999.6241999998,167.493,992701.0626999998,2.4496997758749472e-05,0.9927010627000001,-0.01371471940000002
2017-08-09,50724.1116,0.0,43748.25,0.0,0.0,0.0,49114.16,50817.9063,0.0,0.0,0.0,51233.700000000004,0.0,42812.5,51799.8491,56038.005,0.0,0.0,0.0,0.0,599999.6241999998,167.493,996288.1061999998,0.003613417608563596,0.9962881062000001,-0.010127675900000077
2017-08-10,49611.2931,0.0,43267.5,0.0,0.0,0.0,47248.86,49585.736899999996,0.0,0.0,0.0,50647.799999999996,0.0,44062.5,51311.636,55372.293000000005,0.0,0.0,0.0,0.0,599999.6241999998,167.493,991107.2431999999,-0.005200165461937023,0.9911072432000002,-0.015308538899999946
2017-08-11,49745.1375,0.0,46152.0,0.0,0.0,0.0,47735.46,49730.9533,0.0,0.0,0.0,50986.31999999999,0.0,45000.0,53240.9858,55485.522,0.0,0.0,0.0,0.0,599999.6241999998,167.493,998076.0027999998,0.007031287126405994,0.9980760028000001,-0.008339779300000072
2017-08-14,49878.90900000001,0.0,46632.75,0.0,0.0,0.0,47792.23,49679.6979,0.0,0.0,0.0,51415.98,0.0,43125.0,52683.0958,55825.002,0.0,0.0,0.0,0.0,599999.6241999998,167.493,997032.2888999998,-0.0010457258736528141,0.9970322889000002,-0.009383493199999982
2017-08-15,49540.8717,0.0,45190.5,0.0,0.0,0.0,47175.87,49359.3842,0.0,0.0,0.0,51598.26,0.0,43437.5,52892.245200000005,55984.737,0.0,0.0,0.0,0.0,599999.6241999998,167.493,995178.9922999998,-0.0018588130200323238,0.9951789923000002,-0.01123678979999998
2017-08-16,49597.223399999995,0.0,44229.0,0.0,0.0,0.0,45594.42,48836.1972,0.0,0.0,0.0,51819.6,0.0,41875.0,53938.229600000006,56164.482,0.0,0.0,0.0,0.0,599999.6241999998,167.493,992053.7763999999,-0.003140355578424292,0.9920537764000003,-0.014362005699999902
2017-08-17,49195.763100000004,0.0,43748.25,0.0,0.0,0.0,44515.79,48146.4627,0.0,0.0,0.0,51442.02,0.0,41875.0,53085.132699999995,55372.293000000005,0.0,0.0,0.0,0.0,599999.6241999998,167.493,987380.3356999998,-0.004710874361024242,0.9873803357000002,-0.01903544639999999
2017-08-18,49273.2558,0.0,44229.0,0.0,0.0,0.0,44677.990000000005,47979.3727,0.0,0.0,0.0,49423.92,0.0,41562.5,52897.7054,55092.704999999994,0.0,0.0,0.0,0.0,599999.6241999998,167.493,985136.0730999998,-0.0022729464208024464,0.9851360731000002,-0.02127970899999998
2017-08-21,49794.4179,0.0,46632.75,0.0,0.0,0.0,44694.21,47760.8971,0.0,0.0,0.0,49358.81999999999,0.0,43125.0,53225.554800000005,55265.826,0.0,0.0,0.0,0.0,599999.6241999998,167.493,989857.0999999999,0.004792258682746242,0.9898571000000002,-0.0165586821
2017-08-22,50533.9155,0.0,50959.5,0.0,0.0,0.0,46729.82,47927.9654,0.0,0.0,0.0,50244.18000000001,0.0,43750.0,54033.427,55591.989,0.0,0.0,0.0,0.0,599999.6241999998,167.493,999770.4210999998,0.010014901241805374,0.9997704211,-0.006645361000000127
2017-08-23,50371.9317,0.0,50478.75,0.0,0.0,0.0,46113.46,47610.9501,0.0,0.0,0.0,50087.939999999995,0.0,44062.5,53120.2679,55438.878,0.0,0.0,0.0,0.0,599999.6241999998,167.493,997284.3018999997,-0.0024866900915759826,0.9972843019,-0.009131480200000208
2017-08-24,50787.4617,0.0,51440.25,0.0,0.0,0.0,47354.29,47891.5528,0.0,0.0,0.0,51181.62,0.0,45937.5,53412.863399999995,55638.633,0.0,0.0,0.0,0.0,599999.6241999998,167.493,1003643.7950999999,0.006376810692682255,1.0036437951000001,-0.0027719870000000313
2017-08-25,51048.0792,0.0,51440.25,0.0,0.0,0.0,46291.88,47512.4104,0.0,0.0,0.0,56103.18000000001,0.0,47812.5,54010.0431,55605.306000000004,0.0,0.0,0.0,0.0,599999.6241999998,167.493,1009823.2729,0.006157042797623635,1.0098232729000003,-0.0
2017-08-28,51639.7356,0.0,49998.0,50837.159999999996,0.0,0.0,47565.15,47968.6746,0.0,0.0,0.0,57470.28,0.0,49375.0,54794.5314,55472.204999999994,0.0,0.0,0.0,0.0,549995.1201999999,187.557,1015115.8568,0.005241099152726747,1.0151158568000003,-0.0
2017-08-29,52041.195900000006,0.0,49517.25,54373.44,0.0,0.0,48700.549999999996,47891.5528,0.0,0.0,0.0,57978.060000000005,0.0,50000.0,54454.930700000004,55665.198,0.0,0.0,0.0,0.0,549995.1201999999,187.557,1020617.2975999999,0.005419520110091058,1.0206172976,-0.0
2017-08-30,52062.263999999996,0.0,51921.0,52417.2,0.0,0.0,50184.68,47951.531599999995,0.0,0.0,0.0,55165.74,0.0,52500.0,54501.8172,55079.388,0.0,0.0,0.0,0.0,549995.1201999999,187.557,1021778.7409999999,0.0011379813008569606,1.021778741,-0.0
2017-08-31,53034.239700000006,0.0,52401.75,52517.520000000004,0.0,0.0,51303.86,49155.3608,0.0,0.0,0.0,55803.72,0.0,52187.5,55754.577000000005,56111.214,0.0,0.0,0.0,0.0,549995.1201999999,187.557,1028264.8617,0.0063478720389624765,1.0282648617000003,-0.0
2017-09-01,53118.7308,0.0,52882.5,53395.32,0.0,0.0,49917.049999999996,48780.4933,0.0,0.0,0.0,55946.939999999995,0.0,51875.00000000001,55309.6894,55791.744000000006,0.0,0.0,0.0,0.0,549995.1201999999,187.557,1027012.5876999999,-0.0012178515931485778,1.0270125877000003,-0.0012522740000000532
2017-09-05,52999.029,0.0,54324.75,55100.759999999995,0.0,0.0,49146.6,47934.3886,0.0,0.0,0.0,55556.340000000004,0.0,55312.5,55005.2239,55785.051,0.0,0.0,0.0,0.0,549995.1201999999,187.557,1031159.7626999997,0.004038095588767332,1.0311597627000002,-0.0
2017-09-06,54266.759999999995,0.0,52882.5,53796.6,0.0,0.0,50687.5,47897.975999999995,0.0,0.0,0.0,55790.700000000004,0.0,54374.99999999999,56012.156,55825.002,0.0,0.0,0.0,0.0,549995.1201999999,187.557,1031529.3141999998,0.0003583843293424316,1.0315293142000004,-0.0
2017-09-07,57598.1442,0.0,51921.0,53320.08,0.0,0.0,51741.799999999996,48823.3291,0.0,0.0,0.0,56103.18000000001,0.0,55000.00000000001,56784.893,56783.619000000006,0.0,0.0,0.0,0.0,549995.1201999999,187.557,1038071.1654999999,0.006341895678528164,1.0380711655000006,-0.0
2017-09-08,60105.4668,0.0,52401.75,54849.96,0.0,0.0,51612.04,50027.158299999996,0.0,0.0,0.0,55543.31999999999,0.0,56250.0,56164.3294,57003.246,0.0,0.0,0.0,0.0,549995.1201999999,187.557,1043952.3907,0.005665531801152923,1.0439523907000008,-0.0
2017-09-11,61274.636999999995,0.0,52882.5,52091.159999999996,0.0,0.0,52796.1,49776.545,0.0,0.0,0.0,55478.22,0.0,56250.0,57007.336800000005,56976.612,0.0,0.0,0.0,0.0,549995.1201999999,187.557,1044528.2309999999,0.0005515963229067999,1.0445282310000006,-0.0
2017-09-12,61802.87040000001,0.0,51921.0,51965.759999999995,0.0,0.0,53615.21,49525.9317,0.0,0.0,0.0,55191.78,0.0,55000.00000000001,56808.2769,57063.207,0.0,0.0,0.0,0.0,549995.1201999999,187.557,1042889.1561999999,-0.001569201053025493,1.0428891562000004,-0.0016390748000001398
2017-09-13,62309.9628,0.0,50959.5,51489.240000000005,0.0,0.0,53380.02,48510.5887,0.0,0.0,0.0,56142.24,0.0,56562.50000000001,56972.2016,56943.354,0.0,0.0,0.0,0.0,549995.1201999999,187.557,1043264.7272999999,0.00036012561619536143,1.0432647273000004,-0.001263503700000168
2017-09-14,62838.1962,0.0,49998.0,51514.32,0.0,0.0,53193.490000000005,47917.2456,0.0,0.0,0.0,56116.200000000004,0.0,56250.0,56960.568999999996,57136.416,0.0,0.0,0.0,0.0,549995.1201999999,187.557,1041919.5569999998,-0.0012893853926044807,1.0419195570000004,-0.0026086740000001996
2017-09-15,61535.181599999996,0.0,49517.25,53997.240000000005,0.0,0.0,53874.73,47186.823599999996,0.0,0.0,0.0,58668.12,0.0,57499.99999999999,56421.9084,0.0,0.0,0.0,0.0,0.0,607126.0161999998,193.077,1045827.2697999998,0.0037504937629269097,1.0458272698000004,-0.0
2017-09-18,60091.3971,0.0,49517.25,52968.96,0.0,0.0,54223.46,47454.5799,0.0,0.0,0.0,58485.840000000004,0.0,54374.99999999999,56983.952900000004,0.0,0.0,0.0,0.0,0.0,607126.0161999998,193.077,1041226.4560999997,-0.004399209920085467,1.0412264561000004,-0.004600813699999984
2017-09-19,60830.8947,0.0,49036.5,53420.4,0.0,0.0,53380.02,46053.693,0.0,0.0,0.0,57782.76,0.0,52500.0,56960.568999999996,0.0,0.0,0.0,0.0,0.0,607126.0161999998,193.077,1037090.8528999998,-0.003971857587532046,1.0370908529000005,-0.008736416899999933
2017-09-20,61563.3939,0.0,49998.0,53595.96,0.0,0.0,54036.92999999999,44982.667799999996,0.0,0.0,0.0,58121.28,0.0,54374.99999999999,57499.1109,0.0,0.0,0.0,0.0,0.0,607126.0161999998,193.077,1041298.3587999998,0.004057027297304394,1.0412983588000004,-0.004528910999999969
2017-09-21,61563.3939,0.0,49998.0,53470.56,0.0,0.0,54434.32000000001,43410.416,0.0,0.0,0.0,57092.700000000004,0.0,55937.49999999999,57440.591799999995,0.0,0.0,0.0,0.0,0.0,607126.0161999998,193.077,1040473.4978999998,-0.0007921465476528056,1.0404734979000005,-0.00535377189999986
2017-09-22,61612.6743,0.0,50478.75,53595.96,0.0,0.0,53582.77,0.0,0.0,0.0,0.0,55608.42,0.0,55312.5,57627.9004,0.0,0.0,0.0,0.0,0.0,650533.6111999998,195.898,1038352.5858999998,-0.0020384104009191217,1.0383525859000005,-0.007474683899999945
2017-09-25,60971.7375,0.0,50959.5,53269.92,0.0,0.0,53955.83,0.0,0.0,0.0,0.0,56637.0,0.0,54374.99999999999,57124.375,0.0,0.0,0.0,0.0,0.0,650533.6111999998,195.898,1037826.9736999999,-0.0005061981904195267,1.0378269737000005,-0.00800029609999986
2017-09-26,60112.5381,0.0,50478.75,50736.840000000004,0.0,0.0,53006.96,0.0,0.0,0.0,0.0,56545.86,0.0,52500.0,56340.005399999995,0.0,0.0,0.0,0.0,0.0,650533.6111999998,195.898,1030254.5646999998,-0.007296407967701368,1.0302545647000005,-0.015572705099999862
2017-09-27,59689.936799999996,0.0,50767.200000000004,50511.12,0.0,0.0,53323.25,0.0,0.0,0.0,0.0,57978.060000000005,0.0,54062.5,56550.6979,0.0,0.0,0.0,0.0,0.0,650533.6111999998,195.898,1033416.3758999999,0.0030689611173144726,1.0334163759000006,-0.01241089389999983
2017-09-28,62655.0714,0.0,50959.5,52241.63999999999,0.0,0.0,52690.67,0.0,0.0,0.0,0.0,59970.12,0.0,54374.99999999999,56281.486300000004,0.0,0.0,0.0,0.0,0.0,650533.6111999998,195.898,1039707.0988999999,0.006087307252627516,1.0397070989000008,-0.006120170899999611
2017-09-29,62584.649999999994,0.0,50286.450000000004,53094.36000000001,0.0,0.0,54134.25,0.0,0.0,0.0,0.0,60933.6,0.0,57187.5,56375.1406,0.0,0.0,0.0,0.0,0.0,650533.6111999998,195.898,1045129.5617999998,0.0052153754703962996,1.0451295618000007,-0.000697707999999686
2017-10-02,63662.18490000001,0.0,50478.75,54072.479999999996,0.0,0.0,55326.42,0.0,0.0,0.0,0.0,61936.14,0.0,56875.0,57264.9158,0.0,0.0,0.0,0.0,0.0,650533.6111999998,195.898,1050149.5018999998,0.00480317492058524,1.0501495019000007,-0.0
2017-10-03,63176.2335,0.0,49805.7,54398.520000000004,0.0,0.0,56194.19,0.0,0.0,0.0,0.0,61831.98,0.0,57812.5,57440.591799999995,0.0,0.0,0.0,0.0,0.0,650533.6111999998,195.898,1051193.3264999997,0.0009939771414559928,1.0511933265000006,-0.0
2017-10-04,63317.07629999999,0.0,49998.0,55527.12,0.0,0.0,56972.75,0.0,0.0,0.0,0.0,62665.26,0.0,58437.5,57698.17080000001,0.0,0.0,0.0,0.0,0.0,650533.6111999998,195.898,1055149.4882999999,0.0037634959243628696,1.0551494883000008,-0.0
2017-10-05,63514.270800000006,0.0,51728.7,59715.479999999996,0.0,0.0,57435.02,50204.3832,0.0,0.0,0.0,63329.28,0.0,58437.5,57300.05100000001,0.0,0.0,0.0,0.0,0.0,600544.3315999998,199.057,1062209.0165999997,0.006690548001282659,1.0622090166000007,-0.0
2017-10-06,63732.6063,0.0,50767.200000000004,57959.88,0.0,0.0,57134.950000000004,49592.7279,0.0,0.0,0.0,63277.200000000004,0.0,56875.0,57510.7435,0.0,0.0,0.0,0.0,0.0,600544.3315999998,199.057,1057394.6392999995,-0.004532419914312635,1.0573946393000004,-0.004814377300000228
2017-10-09,63936.87209999999,0.0,50478.75,55527.12,0.0,0.0,57799.969999999994,48678.8292,0.0,0.0,0.0,62788.950000000004,0.0,55937.49999999999,57616.149099999995,0.0,0.0,0.0,0.0,0.0,600544.3315999998,199.057,1053308.4719999998,-0.0038643730052430048,1.0533084720000008,-0.008900544599999893
2017-10-10,64211.5593,0.0,49324.95,54398.520000000004,0.0,0.0,57759.42,49753.4481,0.0,0.0,0.0,62990.76,0.0,54374.99999999999,57171.26149999999,0.0,0.0,0.0,0.0,0.0,600544.3315999998,199.057,1050529.2504999998,-0.002638563700833818,1.0505292505000008,-0.011679766099999878
2017-10-11,65063.760299999994,0.0,49998.0,52015.92,0.0,0.0,57118.73,49559.145300000004,0.0,0.0,0.0,63485.52,0.0,55000.00000000001,57815.209,0.0,0.0,0.0,0.0,0.0,600544.3315999998,199.057,1050600.6161999998,6.79330917878751e-05,1.0506006162000008,-0.011608400399999885
2017-10-12,64838.4264,0.0,49036.5,49758.72,0.0,0.0,58659.63,48952.2771,0.0,0.0,0.0,64064.909999999996,0.0,54374.99999999999,57440.591799999995,0.0,0.0,0.0,0.0,0.0,600544.3315999998,199.057,1047670.3868999998,-0.0027890991636750906,1.0476703869000008,-0.014538629699999861
2017-10-13,64306.4751,0.0,46152.0,47702.159999999996,0.0,0.0,57864.85,49297.7016,0.0,0.0,0.0,63147.0,0.0,51562.5,55649.1714,0.0,0.0,0.0,0.0,0.0,600544.3315999998,199.057,1036226.1896999999,-0.01092347110608205,1.036226189700001,-0.025982826899999756
2017-10-16,64568.9151,0.0,45671.25,47601.840000000004,0.0,0.0,57678.32000000001,47592.2304,0.0,0.0,0.0,62365.799999999996,0.0,50000.0,57744.938599999994,0.0,0.0,0.0,0.0,0.0,600544.3315999998,199.057,1033767.6256999999,-0.0023726132618900886,1.0337676257000008,-0.028441390899999863
2017-10-17,65370.3048,0.0,47594.25,47702.159999999996,0.0,0.0,57329.59,47441.1087,0.0,0.0,0.0,62170.5,0.0,50625.0,57733.306000000004,0.0,0.0,0.0,0.0,0.0,600544.3315999998,199.057,1036510.5510999998,0.0026533287866725708,1.0365105511000008,-0.02569846549999988
2017-10-18,68115.0627,0.0,48555.75,48253.92,0.0,0.0,56437.490000000005,44891.3097,0.0,0.0,0.0,61584.6,0.0,47187.5,58693.3516,0.0,0.0,0.0,0.0,0.0,600544.3315999998,199.057,1034263.3155999999,-0.0021680777852334243,1.0342633156000007,-0.027945700999999934
2017-10-19,68427.1476,0.0,50478.75,48705.36000000001,0.0,0.0,55740.030000000006,45399.8358,0.0,0.0,0.0,61714.799999999996,0.0,46875.0,59337.2991,0.0,0.0,0.0,0.0,0.0,600544.3315999998,199.057,1037222.5540999998,0.002861204158907338,1.0372225541000006,-0.02498646250000003
2017-10-20,68157.6363,0.0,51440.25,48304.08,0.0,0.0,54539.75,45162.3762,0.0,0.0,0.0,62704.31999999999,0.0,48125.0,59185.1257,0.0,0.0,0.0,0.0,0.0,600544.3315999998,199.057,1038162.8697999996,0.00090657081865686,1.0381628698000005,-0.024046146800000168
2017-10-23,67029.9462,0.0,54324.75,45921.479999999996,0.0,0.0,54264.009999999995,45040.0257,0.0,0.0,0.0,62808.48,0.0,46250.0,58775.2546,0.0,0.0,0.0,0.0,0.0,600544.3315999998,199.057,1034958.2780999998,-0.003086790900754588,1.0349582781000006,-0.027250738500000038
2017-10-24,65029.8618,0.0,51921.0,45470.04,0.0,43779.01,54101.81,43876.6632,0.0,0.0,0.0,62912.64,0.0,45937.5,58915.7954,0.0,0.0,0.0,0.0,0.0,550450.8155999999,292.953,1022395.1359999999,-0.012138790872868399,1.0223951360000008,-0.03981388059999991
2017-10-25,65093.7222,0.0,52401.75,49783.8,0.0,43779.01,53120.5,43262.6022,0.0,0.0,0.0,63120.96,0.0,45625.0,58704.9842,0.0,0.0,0.0,0.0,0.0,550450.8155999999,292.953,1025343.1441999997,0.002883433318680906,1.0253431442000005,-0.036865872400000166
2017-10-26,63519.228,0.0,51921.0,46799.28,0.0,41783.72,53055.62,42295.9482,0.0,0.0,0.0,62639.22,0.0,62812.50000000001,57206.3967,0.0,0.0,0.0,0.0,0.0,550450.8155999999,292.953,1032483.7284999999,0.006964092304504899,1.0324837285000006,-0.02972528810000008
2017-10-27,65200.083300000006,0.0,51921.0,48931.08,0.0,43074.79,52252.73,42893.217899999996,0.0,0.0,0.0,64644.299999999996,0.0,62812.50000000001,57955.749800000005,0.0,0.0,0.0,0.0,0.0,550450.8155999999,292.953,1040136.2666,0.007411775981320146,1.0401362666000007,-0.022072749999999974
2017-10-30,64512.126,0.0,49998.0,59213.88,0.0,41666.35,53461.12,42850.0368,0.0,0.0,0.0,64540.14,0.0,64062.5,58377.2535,0.0,0.0,0.0,0.0,0.0,550450.8155999999,292.953,1049132.2218999998,0.008648823802102301,1.0491322219000006,-0.013076794700000116
2017-10-31,64008.60569999999,0.0,49998.0,61847.28,0.0,42957.42,52122.969999999994,42511.829399999995,0.0,0.0,0.0,64670.340000000004,0.0,65000.0,58295.2318,0.0,0.0,0.0,0.0,0.0,550450.8155999999,292.953,1051862.4924999997,0.002602408488660668,1.0518624925000006,-0.010346524100000032
2017-11-01,65561.8131,0.0,48555.75,66762.96,0.0,42018.46,50290.11,44274.843,0.0,0.0,0.0,64071.42,0.0,64375.00000000001,58178.1936,0.0,0.0,0.0,0.0,0.0,550450.8155999999,292.953,1054539.3653,0.0025448885373200447,1.0545393653000008,-0.007669651299999858
2017-11-02,64554.69960000001,0.0,49998.0,65885.16,0.0,42605.31,52139.19,42068.0628,0.0,0.0,0.0,64852.62,0.0,63437.5,58119.6745,0.0,0.0,0.0,0.0,0.0,550450.8155999999,292.953,1054111.0324999997,-0.0004061800005714655,1.0541110325000007,-0.008097984099999955
2017-11-03,65469.594600000004,0.0,49998.0,70224.0,0.0,43896.380000000005,53923.39,41957.7165,0.0,0.0,0.0,65985.36,0.0,80625.0,58470.9078,0.0,0.0,0.0,0.0,0.0,550450.8155999999,292.953,1081001.1645,0.025509771903464262,1.0810011645000008,-0.0
2017-11-06,65930.61420000001,0.0,49517.25,68844.59999999999,0.0,43074.79,54004.490000000005,41818.598999999995,0.0,0.0,0.0,65490.6,0.0,67656.25,58189.826199999996,0.0,0.0,0.0,0.0,0.0,550450.8155999999,292.953,1064977.835,-0.014822675521733886,1.0649778350000008,-0.016023329500000072
2017-11-07,66639.8583,0.0,47113.5,67716.0,0.0,41079.5,54539.75,41489.9901,0.0,0.0,0.0,62509.02,0.0,65156.25000000001,58201.5775,0.0,0.0,0.0,0.0,0.0,550450.8155999999,292.953,1054896.2615,-0.009466463215170973,1.0548962615000008,-0.026104903000000013
2017-11-08,67881.0537,0.0,46152.0,68267.76,0.0,41196.869999999995,52228.4,41979.3192,0.0,0.0,0.0,61779.9,0.0,66250.0,58857.2763,0.0,0.0,0.0,0.0,0.0,550450.8155999999,292.953,1055043.3948,0.00013947655837798223,1.0550433948000006,-0.02595776970000019
2017-11-09,68008.7016,0.0,45190.5,68618.88,0.0,41666.35,51409.29,41497.1829,0.0,0.0,0.0,62144.46,0.0,64375.00000000001,57522.4948,0.0,0.0,0.0,0.0,0.0,550450.8155999999,292.953,1050883.6749,-0.0039427002912884035,1.0508836749000008,-0.030117489600000047
2017-11-10,67682.4012,0.0,45671.25,69597.0,0.0,43779.01,50322.549999999996,41307.6915,0.0,0.0,0.0,62456.939999999995,0.0,65156.25000000001,58435.7726,0.0,0.0,0.0,0.0,0.0,550450.8155999999,292.953,1054859.6808999998,0.0037834882156468908,1.0548596809000006,-0.026141483600000237
2017-11-13,67462.60770000001,0.0,43748.25,72205.31999999999,0.0,42840.049999999996,50249.56,41835.3903,0.0,0.0,0.0,62183.52,0.0,63125.0,58260.096600000004,0.0,0.0,0.0,0.0,0.0,550450.8155999999,292.953,1052360.6102,-0.0023691024932033233,1.0523606102000007,-0.02864055430000012
2017-11-14,67200.16769999999,0.0,44709.75,66010.56,0.0,41079.5,48222.06,41214.1365,0.0,0.0,0.0,61727.81999999999,0.0,68437.5,58353.7509,0.0,0.0,0.0,0.0,0.0,550450.8155999999,292.953,1047406.0606999998,-0.004708033968563896,1.0474060607000004,-0.033595103800000414
2017-11-15,66497.9949,0.0,41344.5,66988.68000000001,0.0,42840.049999999996,47905.77,41509.162800000006,0.0,0.0,0.0,61571.58,0.0,66562.5,58154.691,0.0,0.0,0.0,0.0,0.0,550450.8155999999,292.953,1043825.7443,-0.0034182696991528205,1.0438257443000005,-0.03717542020000031
2017-11-16,67001.58810000001,0.0,39902.25,69446.52,0.0,43544.27,48359.93,42099.2397,0.0,0.0,0.0,62652.24,0.0,65625.0,59126.4879,0.0,0.0,0.0,0.0,0.0,550450.8155999999,292.953,1048208.3413,0.004198590640182909,1.0482083413000005,-0.03279282320000032
2017-11-17,66391.6338,0.0,40383.0,71252.28,0.0,43426.9,48368.04,42116.103899999995,0.0,0.0,0.0,63173.04,0.0,63437.5,59606.5107,0.0,0.0,0.0,0.0,0.0,550450.8155999999,292.953,1048605.824,0.0003792020005366492,1.0486058240000007,-0.03239534050000015
2017-11-20,66384.5625,0.0,40383.0,75139.68000000001,0.0,42840.049999999996,47516.490000000005,41210.5887,0.0,0.0,0.0,64722.42,0.0,61250.00000000001,60215.4417,0.0,0.0,0.0,0.0,0.0,550450.8155999999,292.953,1050113.0485,0.001437360412753108,1.0501130485000005,-0.0308881160000003
2017-11-21,67150.5228,0.0,38940.75,77748.0,0.0,44013.75,48805.98,41102.2107,0.0,0.0,0.0,59436.299999999996,0.0,61250.00000000001,60590.058899999996,0.0,0.0,0.0,0.0,0.0,550450.8155999999,292.953,1049488.388,-0.0005948507171606998,1.0494883880000005,-0.031512776500000284
2017-11-22,67001.58810000001,0.0,38940.75,84243.72000000002,0.0,47182.74,49714.299999999996,42104.0754,0.0,0.0,0.0,62079.36,0.0,60937.5,60695.464499999995,0.0,0.0,0.0,0.0,0.0,550450.8155999999,292.953,1063350.3136,0.013208269627848379,1.0633503136000004,-0.017650850900000403
2017-11-24,67178.8809,0.0,40383.0,84469.44,0.0,46009.04,49681.86,41790.9942,0.0,0.0,0.0,62313.72,0.0,60624.99999999999,61163.736,0.0,0.0,0.0,0.0,0.0,550450.8155999999,292.953,1064066.4866999998,0.0006735062667873049,1.0640664867000003,-0.016934677800000575
2017-11-27,67675.3299,0.0,38460.0,82964.64,0.0,45187.450000000004,49608.87,41514.047099999996,0.0,0.0,0.0,63120.96,0.0,60000.0,60297.344699999994,0.0,0.0,0.0,0.0,0.0,550450.8155999999,292.953,1059279.4573,-0.004498806662773469,1.0592794573000004,-0.02172170720000044
2017-11-28,67675.3299,0.0,36537.0,84845.64,0.0,45656.93,49827.84,41403.2634,0.0,0.0,0.0,63251.159999999996,0.0,62187.49999999999,60789.118800000004,0.0,0.0,0.0,0.0,0.0,550450.8155999999,292.953,1062624.5977,0.00315793946247811,1.0626245977000004,-0.018376566800000438
2017-11-29,67959.0567,0.0,33652.5,88080.95999999999,0.0,45304.82,47978.759999999995,42311.1843,0.0,0.0,0.0,62522.04,0.0,65312.49999999999,60086.652200000004,0.0,0.0,0.0,0.0,0.0,550450.8155999999,292.953,1063659.2887999997,0.000973712731889842,1.0636592888000003,-0.017341875700000564
2017-11-30,68739.2325,0.0,36537.0,93172.2,0.0,46126.41,49917.049999999996,41863.2381,0.0,0.0,0.0,64657.31999999999,0.0,64375.00000000001,60613.4428,0.0,0.0,0.0,0.0,0.0,550450.8155999999,292.953,1076451.7089999998,0.012026802505934242,1.0764517090000003,-0.004549455500000521
2017-12-01,68313.64229999999,0.0,38940.75,90112.44,0.0,46595.89,49608.87,40926.4245,0.0,0.0,0.0,64462.02,0.0,62343.75,60871.021799999995,0.0,0.0,0.0,0.0,0.0,550450.8155999999,292.953,1072625.6241999997,-0.003554348762708992,1.0726256242,-0.008375540300000761
2017-12-04,67533.4665,0.0,38460.0,86199.95999999999,0.0,45070.08,50492.86,40194.2898,0.0,0.0,0.0,64592.22,0.0,60624.99999999999,0.0,0.0,0.0,0.0,0.0,0.0,611312.3413999998,302.44899999999996,1064480.2176999997,-0.007593895126340233,1.0644802177000001,-0.016520946800000713
2017-12-05,67668.2586,0.0,45671.25,86049.48000000001,0.0,44248.49,49738.63,39563.316000000006,0.0,0.0,0.0,62990.76,0.0,57812.5,0.0,0.0,0.0,0.0,0.0,0.0,611312.3413999998,302.44899999999996,1065055.0259999996,0.0005399896498234913,1.065055026,-0.015946138500000817
2017-12-06,66951.9432,0.0,45190.5,86601.24,0.0,43309.53,47857.11,40459.208399999996,0.0,0.0,0.0,62430.9,0.0,57812.5,0.0,0.0,0.0,0.0,0.0,0.0,611312.3413999998,302.44899999999996,1061925.2729999998,-0.002938583381700166,1.0619252730000002,-0.019075891500000663
2017-12-07,66838.4379,0.0,44709.75,89686.08,0.0,42487.94,49333.13,39705.4224,0.0,0.0,0.0,62235.6,0.0,58437.5,49445.7194,0.0,0.0,0.0,0.0,0.0,561330.9854999998,310.23299999999995,1064210.5652,0.0021520273206645513,1.0642105652000002,-0.016790599300000597
2017-12-08,68051.2752,0.0,44229.0,91667.4,0.0,42605.31,49446.67,40411.0458,0.0,0.0,0.0,63016.799999999996,0.0,61875.0,50031.1735,0.0,0.0,0.0,0.0,0.0,561330.9854999998,310.23299999999995,1072664.66,0.00794400570380649,1.0726646600000003,-0.008336504500000563
2017-12-11,68420.0763,0.0,42306.0,88958.76,0.0,42135.83,49811.62,41605.5609,0.0,0.0,0.0,62743.38,0.0,62187.49999999999,50309.5488,0.0,0.0,0.0,0.0,0.0,561330.9854999998,310.23299999999995,1069809.2614999998,-0.002661967534196674,1.0698092615,-0.011191903000000725
2017-12-12,68299.4997,0.0,40863.75,87980.64,0.0,39553.69,45480.88,41391.210600000006,0.0,0.0,0.0,62756.4,0.0,62187.49999999999,51173.2809,0.0,0.0,0.0,0.0,0.0,561330.9854999998,310.23299999999995,1061017.8366999999,-0.008217749758188897,1.0610178367000003,-0.01998332780000056
2017-12-13,69044.1732,0.0,42306.0,83641.8,0.0,41196.869999999995,44605.0,40757.8311,0.0,0.0,0.0,70281.95999999999,0.0,63749.99999999999,51240.4179,0.0,0.0,0.0,0.0,50992.5,511345.78349999984,322.78499999999997,1069162.3356999997,0.007676118834468504,1.0691623357000002,-0.011838828800000645
2017-12-14,68299.4997,0.0,42306.0,80456.64,0.0,41314.24,42472.07,41167.237499999996,0.0,0.0,0.0,70242.90000000001,0.0,61562.5,50731.8308,0.0,0.0,0.0,0.0,49972.65,511345.78349999984,322.78499999999997,1059871.3514999999,-0.008689965863712179,1.0598713515000004,-0.021129813000000386
2017-12-15,69115.10489999999,0.0,42306.0,81710.64,0.0,41783.72,42269.32,41345.453700000005,0.0,0.0,0.0,72690.66,0.0,62500.0,50395.8539,0.0,0.0,0.0,0.0,50364.9,511345.78349999984,322.78499999999997,1065827.4359999998,0.005619629676347548,1.0658274360000004,-0.015173728500000427
2017-12-18,69639.912,0.0,42786.75,79578.84,0.0,41431.61,42755.92,41160.0204,0.0,0.0,0.0,73862.45999999999,0.0,60624.99999999999,50789.4324,0.0,0.0,0.0,0.0,50208.0,511345.78349999984,322.78499999999997,1064183.7282999998,-0.0015421893305436196,1.0641837283000006,-0.016817436200000202
2017-12-19,69448.4037,49230.72,0.0,80005.2,0.0,41548.98,42861.35,40837.3164,0.0,0.0,0.0,73250.52,0.0,60312.5,50664.5965,0.0,0.0,0.0,0.0,50678.7,504062.39749999985,416.281,1062900.6840999997,-0.0012056604192302034,1.0629006841000004,-0.01810048040000045
2017-12-20,69086.7468,48878.48,0.0,80832.84,0.0,41431.61,42634.27,39907.7199,0.0,0.0,0.0,74552.52,0.0,59375.0,50549.4906,0.0,0.0,0.0,0.0,51620.1,504062.39749999985,416.281,1062931.1748,2.8686311389414243e-05,1.0629311748000005,-0.01806998970000029
2017-12-21,69441.3324,47262.32,0.0,85949.16,0.0,41079.5,43899.43,40370.100300000006,0.0,0.0,0.0,75581.09999999999,49613.04,0.0,51173.2809,0.0,52408.8,0.0,0.0,51384.75,463390.37349999987,488.905,1071553.1871,0.008111543347688821,1.0715531871000006,-0.009447977400000251
2017-12-22,69654.1275,47303.759999999995,0.0,86275.2,45369.100000000006,41548.98,47135.32,39712.6395,0.0,0.0,0.0,75698.28,52574.479999999996,0.0,51259.6833,0.0,55071.0,0.0,0.0,51541.65,413243.62949999986,637.049,1076387.8498,0.004511827091928433,1.0763878498000006,-0.0046133147000002594
2017-12-26,69327.9,48194.72,0.0,85572.95999999999,43226.5674,40375.28,48514.02,39601.8558,0.0,0.0,0.0,77078.40000000001,54251.44,0.0,51422.8554,0.0,55457.28,0.0,0.0,50757.15,413243.62949999986,637.049,1077024.0581,0.0005910586041251165,1.0770240581000006,-0.003977106400000263
2017-12-27,69568.9803,49500.08,0.0,85221.84,43702.479999999996,39788.43,49041.17,39873.9915,0.0,0.0,0.0,77091.42,54965.04,0.0,51413.2227,0.0,55039.68,0.0,0.0,51149.4,413243.62949999986,637.049,1079599.364,0.0023911312664113282,1.0795993640000008,-0.00140180050000005
2017-12-28,69356.2581,52090.08,0.0,88206.36,44630.2318,39436.32,49162.82,39645.207,0.0,0.0,0.0,77299.73999999999,55179.12,0.0,51566.7621,0.0,54392.4,0.0,0.0,51541.65,413243.62949999986,637.049,1085750.5784999998,0.005697682589594244,1.0857505785000006,-0.0
2017-12-29,68590.2249,51095.52,0.0,84996.12,43702.479999999996,38262.619999999995,46364.87,39394.7469,0.0,0.0,0.0,76401.36,54233.6,0.0,51509.1605,0.0,53682.48,0.0,0.0,50835.6,413243.62949999986,637.049,1072312.4117999997,-0.012376845074828724,1.0723124118000005,-0.013438166700000087
2018-01-02,69795.99089999999,51862.16,0.0,89410.2,43887.66,41548.98,48522.13,41017.9383,0.0,0.0,0.0,75476.94,56017.6,0.0,51979.5087,0.0,55655.64,0.0,0.0,54601.2,413243.62949999986,637.049,1093019.5773999996,0.019310758107556225,1.0930195774000004,-0.0
2018-01-03,70888.1787,49541.52,0.0,88457.16,42406.22,41548.98,50541.52,40974.5871,0.0,0.0,0.0,76388.34,56642.0,0.0,52478.5604,0.0,58213.439999999995,0.0,0.0,53895.15,413243.62949999986,637.049,1095219.2857,0.0020125058557805,1.0952192857000007,-0.0
2018-01-04,70483.9482,50121.68,0.0,84971.04000000001,42961.759999999995,41314.24,48741.1,41321.3724,0.0,0.0,0.0,75802.44,56891.76,0.0,52296.220199999996,0.0,54120.96000000001,0.0,0.0,53110.65,413243.62949999986,637.049,1085380.8002999998,-0.008983119205860146,1.0853808003000005,-0.009838485400000208
2018-01-05,71710.9281,51033.36,0.0,85347.24,43517.3,41196.869999999995,49706.19,41492.371499999994,0.0,0.0,0.0,75763.37999999999,56410.08,0.0,52536.162,0.0,52784.64,0.0,0.0,53110.65,413243.62949999986,637.049,1087852.8011,0.002277542406607047,1.0878528011000008,-0.00736648459999989
2018-01-08,70561.9512,52587.36,0.0,80632.2,42591.399999999994,45891.67,48919.52,41075.7237,0.0,0.0,0.0,75398.81999999999,52271.200000000004,0.0,52488.0958,0.0,52826.4,0.0,0.0,53502.9,413243.62949999986,637.049,1081990.8701999998,-0.005388533167421938,1.0819908702000005,-0.013228415500000201
2018-01-09,71093.8296,53126.08,0.0,84945.95999999999,41706.2396,45656.93,51514.72,42301.5372,0.0,0.0,0.0,76635.72,53537.840000000004,0.0,52651.2679,0.0,53755.560000000005,0.0,0.0,54208.95,413243.62949999986,637.049,1094378.2637999998,0.011448704366341156,1.0943782638000006,-0.0008410219000001273
2018-01-10,70703.8146,52670.240000000005,0.0,84168.48000000001,41665.5,45891.67,54612.740000000005,41901.7779,0.0,0.0,0.0,78093.95999999999,53502.159999999996,0.0,52584.130900000004,0.0,55185.84,0.0,0.0,53424.45,413243.62949999986,637.049,1097648.3928999999,0.002988115908520772,1.0976483929000007,-0.0
2018-01-11,70909.46549999999,52856.72,0.0,89309.88,41202.55,45539.56,58829.94,42655.563899999994,0.0,0.0,0.0,78471.54000000001,53662.719999999994,0.0,52747.30300000001,0.0,56449.08,0.0,0.0,54365.85,413243.62949999986,637.049,1110243.8018999998,0.01147490314883326,1.1102438019000007,-0.0
2018-01-12,71673.7491,51800.0,0.0,89234.64,40182.2082,45422.19,60914.21,42397.8867,0.0,0.0,0.0,79395.95999999999,54197.92,0.0,52824.072700000004,0.0,54977.03999999999,0.0,0.0,53895.15,413243.62949999986,637.049,1110158.6561999999,-7.669099332441309e-05,1.1101586562000008,-8.514569999995558e-05
2018-01-16,73209.5334,49935.200000000004,0.0,89635.92,38332.259999999995,44483.23,55796.799999999996,43026.4305,0.0,0.0,0.0,81713.52,52895.6,0.0,53083.1826,0.0,53578.08,0.0,0.0,53032.2,413243.62949999986,637.049,1101965.586,-0.007380089462207362,1.1019655860000008,-0.008278215899999886
2018-01-17,74545.2801,50556.799999999996,0.0,91893.12,44628.380000000005,46009.04,57037.63,42559.238699999994,0.0,0.0,0.0,85645.56,49042.159999999996,0.0,54138.887599999995,0.0,53797.32,0.0,0.0,53267.55,413243.62949999986,637.049,1116364.5959,0.01306666023234615,1.116364595900001,-0.0
2018-01-18,74152.42199999999,50266.72,0.0,93774.12,42221.03999999999,45774.299999999996,55269.65,43262.456399999995,0.0,0.0,0.0,85932.0,49702.24,0.0,54234.8254,0.0,52774.2,0.0,0.0,53346.0,413243.62949999986,637.049,1113953.6032999998,-0.00215968206879269,1.1139536033000008,-0.002410992600000217
2018-01-19,74745.3177,50556.799999999996,0.0,95780.51999999999,42221.03999999999,46595.89,56680.79,43669.4571,0.0,0.0,0.0,87650.63999999998,49952.0,0.0,55463.3352,0.0,53515.439999999995,0.0,0.0,54208.95,413243.62949999986,637.049,1124283.8095,0.00927346181151334,1.124283809500001,-0.0
2018-01-22,76066.776,51364.88,0.0,102301.31999999999,44443.2,47886.96,63541.85,45311.894100000005,0.0,0.0,0.0,92064.42,52520.96,0.0,55616.8746,0.0,59873.4,0.0,0.0,54915.0,413243.62949999986,637.049,1159151.1641999995,0.031012947447411898,1.1591511642000005,-0.0
2018-01-23,75273.9156,51945.04,0.0,106966.2,44443.2,47886.96,64231.200000000004,45290.2185,0.0,0.0,0.0,93223.2,54233.6,0.0,55607.2419,0.0,59038.2,0.0,0.0,54993.45,413243.62949999986,637.049,1166376.0554999998,0.0062329155360738575,1.166376055500001,-0.0
2018-01-24,75366.7173,51054.08,0.0,101849.88,43517.3,46830.630000000005,61936.07000000001,44967.5145,0.0,0.0,0.0,93965.34,54376.32,0.0,55405.7336,0.0,57795.84,0.0,0.0,55699.5,413243.62949999986,637.049,1156008.5548999999,-0.008888643204832958,1.156008554900001,-0.010367500599999913
2018-01-25,77359.6575,50991.92,0.0,102752.76,43146.94,44013.75,62455.11,45063.839700000004,0.0,0.0,0.0,96634.44,54340.64,0.0,55146.623700000004,0.0,59226.119999999995,0.0,0.0,56797.8,413243.62949999986,637.049,1161173.2303999998,0.00446767930748293,1.1611732304000009,-0.00520282510000003
2018-01-26,88010.05589999999,50826.16,0.0,104658.84,44258.020000000004,43896.380000000005,65463.92,45018.082800000004,0.0,0.0,0.0,101972.63999999998,54001.68,0.0,55799.2148,0.0,60437.16,0.0,0.0,57974.55,413243.62949999986,637.049,1185560.3329999999,0.021002122647625354,1.185560333000001,-0.0
2018-01-29,87367.1508,48919.92,0.0,99467.27999999998,43517.3,43896.380000000005,65115.19,45107.190899999994,0.0,0.0,0.0,109615.37999999999,55946.24,0.0,55213.7607,0.0,61992.72,0.0,0.0,57346.95,413243.62949999986,637.049,1186749.0918999999,0.001002697936925756,1.1867490919000012,-0.0
2018-01-30,82774.1592,46765.04,0.0,98464.08,41363.656599999995,42840.049999999996,65374.71,44403.9732,0.0,0.0,0.0,108860.22,54412.0,0.0,54397.9975,0.0,61596.0,0.0,0.0,57974.55,413243.62949999986,637.049,1172470.0659999999,-0.012032051254523446,1.1724700660000011,-0.014279025900000075
2018-01-31,80159.7465,45832.64,0.0,94902.72000000002,39998.880000000005,42370.57,63874.36,43411.755600000004,0.0,0.0,0.0,110604.90000000001,54073.04,0.0,53265.5228,0.0,58516.2,0.0,0.0,58602.15,413243.62949999986,637.049,1158856.1143999998,-0.011611342579043726,1.1588561144000011,-0.027892977500000082
2018-02-01,83102.7195,45770.48,0.0,96407.51999999999,40369.240000000005,42253.200000000004,64109.549999999996,42997.537800000006,0.0,0.0,0.0,112284.48,54697.44,0.0,49781.6963,0.0,58777.2,0.0,0.0,59151.3,413243.62949999986,637.049,1162945.9930999998,0.003529237710513833,1.1629459931000012,-0.023803098799999978
2018-02-02,82266.9939,43429.12,0.0,90187.68000000001,38702.619999999995,43896.380000000005,61506.240000000005,41545.3455,0.0,0.0,0.0,113638.56,53912.479999999996,0.0,48437.9833,0.0,58328.28,0.0,0.0,58053.0,413243.62949999986,637.049,1147148.3121999998,-0.013584191350011876,1.1471483122000012,-0.03960077969999998
2018-02-05,78223.9599,41481.44,0.0,86450.76,37591.53999999999,42722.68,0.0,39736.7208,0.0,0.0,0.0,116372.76,50772.64,0.0,47305.5086,0.0,57242.52,0.0,0.0,57190.05,474743.3814999999,643.537,1129833.9607999998,-0.015093385236992218,1.1298339608000012,-0.056915131100000016
2018-02-06,0.0,40196.799999999996,0.0,91742.64,38147.08,43779.01,0.0,40538.6694,0.0,0.0,0.0,0.0,51789.520000000004,0.0,47535.91499999999,0.0,57493.08,0.0,0.0,57425.4,669323.8533999999,659.7850000000001,1137971.9678,0.0072028344715695525,1.1379719678000013,-0.0487771240999999
2018-02-07,0.0,41232.799999999996,0.0,91516.92,37591.53999999999,44131.119999999995,0.0,41034.7782,0.0,0.0,0.0,0.0,53020.479999999996,0.0,47948.5643,0.0,57044.16,0.0,0.0,56640.9,669323.8533999999,659.7850000000001,1139485.1158999999,0.0013296883779352342,1.139485115900001,-0.04726397600000021
2018-02-08,0.0,40549.04,0.0,88482.24,36110.1,43544.27,0.0,39544.0704,0.0,0.0,0.0,0.0,49238.4,0.0,46566.5151,0.0,53275.32,0.0,0.0,55150.35,669323.8533999999,659.7850000000001,1121784.1589,-0.015534171313873801,1.121784158900001,-0.06496493300000017
2018-02-09,0.0,39388.72,0.0,84945.95999999999,35369.38,42840.049999999996,0.0,39199.6665,0.0,0.0,0.0,0.0,50326.64,0.0,48054.1348,0.0,54862.2,0.0,0.0,56248.65,669323.8533999999,659.7850000000001,1120559.2547,-0.0010919250287872995,1.120559254700001,-0.06618983720000027
2018-02-12,0.0,39575.200000000004,0.0,84795.48000000001,34813.84,44483.23,0.0,39125.016899999995,0.0,0.0,0.0,0.0,51825.200000000004,0.0,48437.9833,0.0,56459.52,0.0,0.0,56484.0,669323.8533999999,659.7850000000001,1125323.3235999998,0.004251510020570226,1.1253233236000006,-0.06142576830000057
2018-02-13,0.0,40362.56,0.0,84920.88,34999.02,44131.119999999995,0.0,38224.3131,0.0,0.0,0.0,0.0,51379.200000000004,0.0,48130.904500000004,0.0,57211.2,0.0,0.0,56170.2,669323.8533999999,659.7850000000001,1124853.251,-0.00041772225825376097,1.1248532510000009,-0.06189584090000033
2018-02-14,0.0,40528.32,0.0,87880.31999999999,35739.74,45070.08,0.0,40129.263,0.0,0.0,0.0,0.0,52699.36,0.0,48754.6948,0.0,56490.84,0.0,50952.24,57150.825,619378.2813999999,663.9970000000001,1134773.9641999998,0.008819562188383534,1.1347739642000008,-0.051975127700000456
2018-02-15,0.0,41895.84,0.0,86350.44,36110.1,49412.77,0.0,39609.0729,0.0,0.0,0.0,0.0,53127.520000000004,0.0,49484.1529,0.0,57409.560000000005,0.0,52144.56,59308.2,619378.2813999999,663.9970000000001,1144230.4971999999,0.008333406738554094,1.1442304972000008,-0.04251859470000041
2018-02-16,0.0,41709.36,0.0,84695.16,35184.2,51055.95,0.0,39505.5306,0.0,0.0,0.0,0.0,52057.12,0.0,49772.0636,0.0,56898.0,0.0,52073.28,59151.3,619378.2813999999,663.9970000000001,1141480.2456,-0.0024035818016823196,1.141480245600001,-0.045268846300000165
2018-02-20,0.0,41253.52,0.0,66186.12,34813.84,55163.9,0.0,38674.665,0.0,0.0,0.0,0.0,51432.719999999994,0.0,48937.1323,0.0,52440.119999999995,0.0,52157.52,58053.0,619378.2813999999,663.9970000000001,1118490.8187,-0.020140012924985906,1.1184908187000009,-0.06825827320000033
2018-02-21,0.0,41460.72,0.0,68618.88,34443.48,56337.6,0.0,38366.3952,0.0,0.0,0.0,0.0,51718.159999999996,0.0,49455.352100000004,0.0,53598.96000000001,0.0,51156.35999999999,57896.1,619378.2813999999,663.9970000000001,1122430.2887,0.003522129939858454,1.122430288700001,-0.06431880320000016
2018-02-22,0.0,41460.72,0.0,68744.28,34999.02,56924.45,0.0,38388.070799999994,0.0,0.0,0.0,0.0,51914.4,0.0,50923.706399999995,0.0,56574.36,0.0,51059.16,56405.55,619378.2813999999,663.9970000000001,1126771.9986,0.0038681332317116457,1.1267719986000013,-0.059977093299999895
2018-02-23,0.0,41833.68,0.0,65258.159999999996,34813.84,59389.219999999994,0.0,39035.908800000005,0.0,0.0,0.0,0.0,52645.840000000004,0.0,51758.735,0.0,57440.880000000005,0.0,53751.6,56562.45,619378.2813999999,663.9970000000001,1131868.5951999996,0.0045231835778063445,1.131868595200001,-0.05488049670000028
2018-02-26,0.0,41833.68,0.0,65082.6,34999.02,60915.030000000006,0.0,39919.7484,0.0,0.0,0.0,0.0,52681.520000000004,0.0,52324.9237,0.0,62472.96000000001,0.0,54930.96,56876.25,619378.2813999999,663.9970000000001,1141414.9734999998,0.008434175433865931,1.1414149735000012,-0.04533411840000001
2018-02-27,0.0,41481.44,0.0,0.0,34258.3,61971.36,0.0,38684.3121,0.0,0.0,0.0,0.0,48364.24,0.0,50511.0571,0.0,60802.560000000005,0.0,53745.119999999995,56248.65,684440.8173999998,684.061,1130507.8565999998,-0.009555785716175436,1.130507856600001,-0.056241235300000136
2018-02-28,0.0,41315.68,0.0,0.0,33147.22,63262.42999999999,0.0,37307.8143,0.0,0.0,0.0,0.0,46027.200000000004,0.0,49407.3832,0.0,59612.4,0.0,53793.72,57817.65,684440.8173999998,684.061,1126132.3148999996,-0.0038704213106131036,1.1261323149000009,-0.060616777000000344
2018-03-01,0.0,40486.88,0.0,0.0,31480.6,63849.280000000006,0.0,35849.0853,0.0,0.0,0.0,0.0,43190.64,0.0,48217.3069,0.0,62754.84,0.0,53728.920000000006,56327.1,684440.8173999998,684.061,1120325.4695999997,-0.005156450288450798,1.120325469600001,-0.06642362230000032
2018-03-02,0.0,42372.4,0.0,0.0,33147.22,66314.05,0.0,34840.295099999996,0.0,0.0,0.0,0.0,42958.719999999994,0.0,48687.5578,0.0,68559.48,0.0,55099.44,56248.65,684440.8173999998,684.061,1132668.6302999998,0.01101747754106408,1.132668630300001,-0.05408046160000013
2018-03-05,0.0,41709.36,0.0,0.0,30184.339999999997,70304.63,0.0,35979.7221,0.0,0.0,0.0,0.0,44296.719999999994,0.0,48783.4956,0.0,66408.84,0.0,56103.84,56719.35,684440.8173999998,684.061,1134931.1150999998,0.0019974816459786826,1.1349311151000012,-0.0518179768
2018-03-06,0.0,42372.4,0.0,0.0,29813.980000000003,68191.97,0.0,36458.6994,0.0,0.0,0.0,0.0,43922.08,0.0,48572.3546,0.0,66513.24,0.0,54665.28,56640.9,684440.8173999998,684.061,1131591.7213999997,-0.0029423756698272463,1.131591721400001,-0.055157370500000136
2018-03-07,0.0,42662.48,0.0,0.0,29875.0894,70891.48,0.0,37065.9078,0.0,0.0,0.0,0.0,44528.64,0.0,48591.619999999995,0.0,67338.0,0.0,55135.079999999994,57503.85,684440.8173999998,684.061,1138032.9645999998,0.00569219717517111,1.1380329646000011,-0.04871612730000008
2018-03-08,0.0,42600.32,0.0,0.0,30369.519999999997,68896.19,0.0,37133.6319,0.0,0.0,0.0,0.0,43672.32,0.0,48965.9331,0.0,65479.68,0.0,55689.119999999995,57582.3,684440.8173999998,684.061,1134829.8324,-0.002814621631918812,1.1348298324000012,-0.05191925949999998
2018-03-09,0.0,44092.16,0.0,0.0,31295.42,67487.75,0.0,38048.065200000005,0.0,0.0,0.0,0.0,43761.520000000004,0.0,48821.929099999994,0.0,64289.52,0.0,57108.24,59229.75,684440.8173999998,684.061,1138575.1716999996,0.0033003532274780145,1.138575171700001,-0.04817392020000022
2018-03-12,0.0,40922.0,0.0,0.0,31276.902000000002,66548.79,0.0,38321.440200000005,0.0,0.0,0.0,0.0,44278.88,0.0,48821.929099999994,0.0,66241.8,0.0,57390.119999999995,61034.1,684440.8173999998,684.061,1139276.7786999997,0.000616214912672497,1.139276778700001,-0.047472313200000116
2018-03-13,0.0,41149.92,0.0,0.0,30554.699999999997,67605.12,0.0,39477.78,0.0,0.0,0.0,0.0,44243.200000000004,0.0,48303.7093,0.0,66429.72,0.0,56687.04,60798.75,684440.8173999998,684.061,1139690.7566999998,0.00036336911955014983,1.1396907567000012,-0.04705833520000002
2018-03-14,0.0,40735.52,0.0,0.0,30184.339999999997,67135.64,0.0,40413.9861,0.0,0.0,0.0,0.0,44368.08,0.0,48265.275799999996,0.0,68413.32,0.0,56499.119999999995,60641.85,684440.8173999998,684.061,1141097.9492999997,0.0012347144097881735,1.141097949300001,-0.04565114260000014
2018-03-15,0.0,38932.88,0.0,0.0,31110.239999999998,64905.61,0.0,40186.5867,0.0,0.0,0.0,0.0,44154.0,0.0,48361.2136,0.0,67755.6,0.0,56366.28,59778.9,684440.8173999998,684.061,1135992.1276999998,-0.0044744814440619285,1.1359921277000011,-0.05075696420000009
2018-03-16,0.0,38601.36,0.0,0.0,31295.42,68544.08,0.0,40873.620599999995,0.0,0.0,0.0,0.0,43957.76,0.0,48409.279800000004,0.0,70480.44,0.0,56913.84,60877.2,684440.8173999998,684.061,1144393.8177999998,0.007395905213718912,1.1443938178000013,-0.04235527409999995
2018-03-19,0.0,37047.36,0.0,0.0,30554.699999999997,67487.75,0.0,40222.866599999994,0.0,0.0,0.0,0.0,42477.04,0.0,48409.279800000004,0.0,65156.03999999999,0.0,55329.48,61347.9,684440.8173999998,684.061,1132473.2337999998,-0.010416505065464543,1.1324732338000012,-0.05427585810000002
2018-03-20,0.0,37213.12,0.0,0.0,30554.699999999997,66079.31,0.0,39581.808300000004,0.0,0.0,0.0,0.0,43725.840000000004,0.0,48486.0495,0.0,65511.0,0.0,55556.28,62524.65,684440.8173999998,684.061,1133673.5751999998,0.0010599291569763913,1.1336735752000011,-0.0530755167000001
2018-03-21,0.0,37316.72,0.0,0.0,30926.911799999998,62675.58,0.0,39601.1511,0.0,0.0,0.0,0.0,43047.92,0.0,48226.842300000004,0.0,68246.28,0.0,55190.16,61818.6,684440.8173999998,684.061,1131490.9825999998,-0.0019252390174262501,1.131490982600001,-0.05525810930000019
2018-03-22,0.0,37109.52,0.0,0.0,30739.879999999997,60915.030000000006,0.0,39330.2061,0.0,0.0,0.0,0.0,41585.04,0.0,47228.7389,0.0,66419.28,0.0,53816.4,60798.75,684440.8173999998,684.061,1122383.6623999998,-0.008048955175120054,1.122383662400001,-0.06436542950000024
2018-03-23,0.0,36591.52,0.0,0.0,29628.800000000003,58919.74,0.0,38580.283800000005,0.0,0.0,0.0,0.0,40514.64,0.0,47180.770000000004,0.0,65865.96,0.0,52141.32,60328.05,684440.8173999998,684.061,1114191.9012,-0.007298539237896029,1.1141919012000012,-0.0725571907
2018-03-26,0.0,35431.200000000004,0.0,0.0,28888.08,58567.630000000005,0.0,38754.466199999995,0.0,0.0,0.0,0.0,41674.24,0.0,48221.880000000005,0.0,69613.92000000001,0.0,53816.4,61661.7,684440.8173999998,684.061,1121070.3335999998,0.0061734719060437815,1.121070333600001,-0.06567875830000025
2018-03-27,0.0,35389.759999999995,0.0,0.0,29906.57,56572.340000000004,0.0,38783.4804,0.0,0.0,0.0,0.0,40032.96,0.0,47248.880000000005,0.0,67202.28,0.0,51950.16,61034.1,684440.8173999998,684.061,1112561.3477999996,-0.007590055275725649,1.1125613478000007,-0.07418774410000051
2018-03-28,0.0,38186.96,0.0,0.0,27777.0,55398.64,0.0,40072.887,0.0,0.0,0.0,0.0,39890.24,0.0,47793.759999999995,0.0,68778.72,0.0,51703.920000000006,61347.9,684440.8173999998,684.061,1115390.8443999998,0.002543227486372146,1.115390844400001,-0.0713582475000003
2018-03-29,0.0,36301.44,0.0,0.0,27036.28,55281.27,0.0,40711.539600000004,0.0,0.0,0.0,0.0,39515.6,0.0,47920.25,0.0,69519.96,0.0,52805.52,61661.7,684440.8173999998,684.061,1115194.3769999999,-0.00017614220251704893,1.115194377000001,-0.0715547149000002
2018-04-02,0.0,34498.799999999996,0.0,0.0,24628.940000000002,53520.719999999994,0.0,39255.2163,0.0,0.0,0.0,0.0,38338.159999999996,0.0,47102.93,0.0,66534.12,0.0,50644.44,59465.1,684440.8173999998,684.061,1098429.2436999998,-0.01503337323588394,1.098429243700001,-0.08831984820000027
2018-04-03,0.0,34809.6,0.0,0.0,22036.42,53520.719999999994,0.0,39852.729,0.0,0.0,0.0,0.0,37963.520000000004,0.0,47813.22,0.0,65845.08,0.0,51308.64000000001,58209.9,684440.8173999998,684.061,1095800.6464,-0.0023930510909792035,1.0958006464000012,-0.09094844550000003
2018-04-04,0.0,34353.759999999995,0.0,0.0,23332.68,54107.57000000001,0.0,40271.2479,0.0,0.0,0.0,0.0,39801.04,0.0,47531.05,0.0,67306.68,0.0,52526.880000000005,58602.15,684440.8173999998,684.061,1102273.8753,0.005907305239567284,1.1022738753000012,-0.08447521660000001
2018-04-05,0.0,34519.52,0.0,0.0,24258.58,52699.130000000005,0.0,0.0,0.0,0.0,0.0,0.0,39426.4,0.0,47501.86,0.0,66033.0,0.0,51081.84,58759.05,724708.9062999998,687.22,1098988.2862999998,-0.0029807374316169755,1.098988286300001,-0.08776080560000032
2018-04-06,0.0,34105.12,0.0,0.0,25001.1518,52347.02,0.0,0.0,0.0,0.0,0.0,0.0,37624.56,0.0,47258.61,0.0,64790.64,0.0,49977.0,57425.4,724708.9062999998,687.22,1093238.4081,-0.005231974054389799,1.093238408100001,-0.09351068380000016
2018-04-09,0.0,34229.44,0.0,0.0,25184.480000000003,50234.36,0.0,0.0,0.0,0.0,0.0,0.0,35091.280000000006,0.0,48397.020000000004,0.0,73455.84,0.0,50790.24,58366.8,724708.9062999998,687.22,1100458.3662999999,0.006604193693256599,1.100458366300001,-0.08629072560000028
2018-04-10,0.0,35949.200000000004,0.0,0.0,24258.58,52816.5,0.0,0.0,0.0,0.0,0.0,0.0,37785.12,0.0,49058.66,0.0,79291.8,0.0,52219.079999999994,59386.65,724708.9062999998,687.22,1115474.4962999998,0.013645341304903358,1.1154744963000007,-0.07127459560000049
2018-04-11,0.0,35990.64,0.0,0.0,24628.940000000002,54107.57000000001,0.0,0.0,0.0,0.0,0.0,0.0,36714.719999999994,0.0,48552.7,0.0,79281.36,0.0,51480.35999999999,59700.45,724708.9062999998,687.22,1115165.6462999997,-0.00027687768839590454,1.1151656463000006,-0.07158344560000063
2018-04-12,0.0,36591.52,0.0,0.0,26110.379999999997,53403.35,0.0,0.0,0.0,0.0,0.0,0.0,37196.4,0.0,48620.81,0.0,81964.44,0.0,52481.52,61740.15,724708.9062999998,687.22,1122817.4763,0.006861608430450028,1.122817476300001,-0.06393161560000027
2018-04-13,0.0,36508.64,0.0,0.0,26665.92,54577.05,0.0,0.0,0.0,0.0,0.0,0.0,36464.96,0.0,47822.95,0.0,80429.76000000001,0.0,52290.35999999999,62053.95,724708.9062999998,687.22,1121522.4962999995,-0.0011533308194202618,1.1215224963000006,-0.06522659560000066
2018-04-16,0.0,36840.16,0.0,0.0,27591.82,48239.07000000001,0.0,0.0,0.0,0.0,0.0,0.0,36393.6,0.0,47784.03,0.0,81212.76000000001,0.0,51418.799999999996,64015.2,724708.9062999998,687.22,1118204.3462999996,-0.0029586120750557665,1.1182043463000007,-0.06854474560000057
2018-04-17,0.0,37772.56,0.0,0.0,26480.739999999998,48004.33,0.0,0.0,0.0,0.0,0.0,0.0,38659.280000000006,0.0,47910.520000000004,0.0,84240.36,0.0,53456.76,65035.05,724708.9062999998,687.22,1126268.5063,0.007211705111577871,1.1262685063000009,-0.06048058560000036
2018-04-18,0.0,36260.0,0.0,0.0,27406.64,46361.15,0.0,0.0,0.0,0.0,0.0,0.0,38213.280000000006,0.0,47365.64,0.0,85033.8,0.0,52928.64000000001,64799.7,724708.9062999998,687.22,1123077.7562999998,-0.0028330278101111883,1.1230777563000005,-0.06367133560000071
2018-04-19,0.0,36467.200000000004,0.0,0.0,27777.0,44131.119999999995,0.0,0.0,0.0,0.0,0.0,0.0,37624.56,0.0,46373.18,0.0,84731.04,0.0,51694.200000000004,65191.95,724708.9062999998,687.22,1118699.1562999997,-0.003898750532131845,1.1186991563000004,-0.06804993560000083
2018-04-20,0.0,36736.56,0.0,0.0,28888.08,44365.86,0.0,0.0,0.0,0.0,0.0,0.0,37232.08,0.0,45954.78999999999,0.0,84971.16,0.0,51240.6,65505.75,724708.9062999998,687.22,1119603.7862999998,0.0008086445716042334,1.1196037863000006,-0.06714530560000065
2018-04-23,0.0,36653.68,0.0,0.0,29813.980000000003,42018.46,0.0,0.0,0.0,0.0,0.0,0.0,37000.159999999996,0.0,45867.22,0.0,81358.92000000001,0.0,51415.56,64329.0,724708.9062999998,687.22,1113165.8862999997,-0.005750159189150006,1.1131658863000005,-0.07358320560000076
2018-04-24,0.0,36819.44,0.0,0.0,28701.0482,0.0,0.0,0.0,0.0,0.0,0.0,0.0,36393.6,0.0,45808.84,0.0,78696.72,0.0,50437.079999999994,63936.75,766633.4702999998,781.116,1107426.9484999997,-0.005155509947466497,1.1074269485000003,-0.07932214340000088
2018-04-25,0.0,36736.56,0.0,0.0,30554.699999999997,0.0,0.0,0.0,0.0,0.0,0.0,0.0,37160.719999999994,0.0,45614.240000000005,0.0,77078.52,0.0,50268.6,63544.5,766633.4702999998,781.116,1107591.3102999998,0.0001484177355650651,1.1075913103000004,-0.07915778160000086
2018-04-26,0.0,36860.88,0.0,0.0,29999.160000000003,0.0,0.0,0.0,0.0,0.0,0.0,0.0,36946.64,0.0,45886.68,0.0,80513.28,0.0,51454.44,63622.95,766633.4702999998,781.116,1111917.5002999997,0.0039059443314233278,1.1119175003000004,-0.07483159160000086
2018-04-27,0.0,37461.759999999995,0.0,0.0,30906.542,0.0,0.0,0.0,0.0,0.0,0.0,0.0,38070.56,0.0,46159.119999999995,0.0,80878.68,0.0,50560.200000000004,63544.5,766633.4702999998,781.116,1114214.8323,0.0020660993278551754,1.1142148323000005,-0.0725342596000007
2018-04-30,0.0,36778.0,0.0,0.0,30662.1044,0.0,0.0,0.0,0.0,0.0,0.0,0.0,37142.88,0.0,45672.619999999995,0.0,79678.07999999999,0.0,49623.84,62681.55,766633.4702999998,781.116,1108872.5446999997,-0.004794665665123543,1.1088725447000003,-0.07787654720000092
2018-05-01,0.0,37441.04,0.0,0.0,31110.239999999998,0.0,0.0,0.0,0.0,0.0,0.0,0.0,37464.0,0.0,46431.56,0.0,78247.8,0.0,49403.52,62760.0,766633.4702999998,781.116,1109491.6302999998,0.0005583018562043129,1.1094916303000002,-0.07725746160000102
2018-05-02,0.0,37565.36,0.0,0.0,32591.68,0.0,0.0,0.0,0.0,0.0,0.0,0.0,36786.08,0.0,47686.729999999996,49642.450000000004,77370.84,0.0,48428.28,63309.15,716664.8302999998,786.356,1110045.4002999999,0.0004991204844422281,1.1100454003000002,-0.07670369160000101
2018-05-03,0.0,36881.6,0.0,0.0,34628.66,0.0,0.0,0.0,0.0,0.0,0.0,0.0,39640.479999999996,0.0,46820.759999999995,49989.6,74635.56,0.0,48483.35999999999,63544.5,716664.8302999998,786.356,1111289.3502999998,0.0011206298406027937,1.1112893503000003,-0.0754597416000009
2018-05-04,0.0,37296.0,0.0,0.0,34628.66,0.0,0.0,0.0,0.0,0.0,0.0,0.0,40050.799999999996,0.0,46499.67,50231.95,73779.48,0.0,48402.35999999999,65427.3,716664.8302999998,786.356,1112981.0503,0.001522285802112222,1.1129810503000006,-0.07376804160000061
2018-05-07,0.0,37503.200000000004,0.0,0.0,35184.2,0.0,0.0,0.0,0.0,0.0,0.0,0.0,39622.64,0.0,46538.59,50493.950000000004,76431.23999999999,0.0,48438.0,58680.6,716664.8302999998,786.356,1109557.2502999997,-0.0030762428516436513,1.1095572503000004,-0.07719184160000081
2018-05-08,0.0,38062.64,0.0,0.0,33147.22,0.0,0.0,0.0,0.0,0.0,0.0,0.0,38659.280000000006,0.0,47054.28,50526.7,72839.87999999999,0.0,48039.48,57817.65,716664.8302999998,786.356,1102811.9602999997,-0.006079262695256382,1.1028119603000004,-0.08393713160000082
2018-05-09,0.0,37316.72,0.0,0.0,31665.78,0.0,0.0,0.0,0.0,0.0,0.0,0.0,38694.96,0.0,46742.92,50493.950000000004,79364.87999999999,0.0,48298.68,59465.1,716664.8302999998,786.356,1108707.8202999998,0.0053462060734237316,1.1087078203000005,-0.07804127160000074
2018-05-10,0.0,37731.12,0.0,0.0,31017.65,0.0,0.0,0.0,0.0,0.0,0.0,0.0,33111.04,0.0,46849.95,50395.7,79448.4,0.0,48927.24,62603.1,716664.8302999998,786.356,1106749.0302999998,-0.0017667323745133023,1.1067490303000005,-0.08000006160000073
2018-05-11,0.0,39077.92,0.0,0.0,33149.0718,0.0,0.0,0.0,0.0,0.0,0.0,0.0,34877.200000000004,0.0,47764.57,50795.25,80742.96,0.0,50534.28,62367.75,716664.8302999998,786.356,1115973.8320999998,0.008335043941714249,1.1159738321000006,-0.07077525980000066
2018-05-14,0.0,40279.68,0.0,0.0,34443.48,0.0,0.0,0.0,0.0,0.0,0.0,0.0,36982.32,0.0,48630.53999999999,51306.15,81985.32,0.0,51017.04,62210.85,716664.8302999998,786.356,1123520.2102999997,0.006762146192800467,1.1235202103000006,-0.06322888160000062
2018-05-15,0.0,40300.4,0.0,0.0,34813.84,0.0,0.0,0.0,0.0,0.0,0.0,0.0,37481.840000000004,0.0,46927.78999999999,50729.75,80711.64,0.0,50394.96,62916.9,716664.8302999998,786.356,1120941.9502999997,-0.0022948051813963533,1.1209419503000007,-0.06580714160000056
2018-05-16,0.0,40258.96,0.0,0.0,33887.94,0.0,0.0,0.0,0.0,0.0,0.0,0.0,36411.44,0.0,47540.78,50827.99999999999,80941.32,0.0,50595.84,63230.7,716664.8302999998,786.356,1120359.8102999995,-0.0005193310856501654,1.1203598103000005,-0.06638928160000068
2018-05-17,0.0,40694.08,0.0,0.0,35184.2,0.0,0.0,0.0,0.0,0.0,0.0,0.0,38463.04,0.0,47667.270000000004,50533.25000000001,79333.56,0.0,50654.16,61504.8,716664.8302999998,786.356,1120699.1903,0.0003029205411335667,1.120699190300001,-0.06604990160000024
2018-05-18,0.0,41502.16,0.0,0.0,34813.84,0.0,0.0,0.0,0.0,0.0,0.0,0.0,38498.719999999994,0.0,47404.56,50474.3,80085.23999999999,0.0,50945.76,60720.3,716664.8302999998,786.356,1121109.7102999997,0.000366307037207525,1.1211097103000007,-0.06563938160000049
2018-05-21,0.0,39554.48,0.0,0.0,36480.46,0.0,0.0,0.0,0.0,0.0,0.0,0.0,37339.12,0.0,47375.369999999995,50297.450000000004,76305.96,0.0,50615.28,61818.6,716664.8302999998,786.356,1116451.5502999998,-0.004154954646457765,1.1164515503000008,-0.07029754160000046
2018-05-22,0.0,39347.28,0.0,0.0,35554.56,0.0,0.0,0.0,0.0,0.0,0.0,0.0,38463.04,0.0,47307.259999999995,50330.200000000004,78122.52,0.0,50634.72,61975.5,716664.8302999998,786.356,1118399.9102999999,0.0017451361856917202,1.1183999103000009,-0.06834918160000036
2018-05-23,0.0,39595.92,0.0,0.0,35936.0308,0.0,0.0,0.0,0.0,48283.840000000004,0.0,0.0,36714.719999999994,0.0,46966.71000000001,50061.65,81640.8,0.0,50861.52,61740.15,666661.8222999998,801.844,1118463.1630999998,5.655651383507099e-05,1.1184631631000008,-0.0682859288000004
2018-05-24,0.0,39658.08,0.0,0.0,37587.8364,0.0,0.0,0.0,0.0,48400.0,0.0,0.0,36572.0,0.0,46801.3,49891.35,82496.87999999999,0.0,50858.28,61661.7,666661.8222999998,801.844,1120589.2486999999,0.001900899082011076,1.1205892487000009,-0.06615984320000035
2018-05-25,0.0,39533.759999999995,0.0,0.0,39998.880000000005,0.0,0.0,0.0,0.0,48128.96,0.0,0.0,37178.56,0.0,46441.28999999999,49845.49999999999,81839.16,0.0,51030.0,62053.95,666661.8222999998,801.844,1122711.8822999997,0.0018942119982521266,1.1227118823000009,-0.06403720960000037
2018-05-29,0.0,39264.4,0.0,0.0,45183.92,0.0,0.0,0.0,0.0,45941.28,0.0,0.0,36233.04,0.0,45536.399999999994,49098.799999999996,82747.44,0.0,50297.76,61191.0,666661.8222999998,801.844,1122155.8623,-0.0004952472747155046,1.122155862300001,-0.06459322960000025
2018-05-30,0.0,37088.799999999996,0.0,0.0,48517.16,0.0,0.0,0.0,0.0,43850.399999999994,0.0,0.0,37125.04,0.0,46275.880000000005,49603.15,85117.32,0.0,50751.35999999999,62367.75,666661.8222999998,801.844,1127358.6822999998,0.004636450403008974,1.1273586823000008,-0.059390409600000416
2018-05-31,0.0,37441.04,0.0,0.0,43887.66,0.0,0.0,0.0,0.0,42572.64,0.0,0.0,36982.32,0.0,46256.42,48810.6,83300.76000000001,0.0,49896.0,66917.84999999999,666661.8222999998,801.844,1122727.1122999997,-0.004108337543958007,1.1227271123000007,-0.06402197960000056
2018-06-01,0.0,37834.72,0.0,0.0,43887.66,0.0,0.0,0.0,0.0,45476.64,0.0,0.0,36714.719999999994,0.0,46538.59,49517.99999999999,84073.32,0.0,49264.200000000004,66211.8,666661.8222999998,801.844,1126181.4722999996,0.003076758334376928,1.1261814723000005,-0.06056761960000068
2018-06-04,0.0,36695.12,0.0,0.0,41665.5,0.0,0.0,0.0,0.0,49193.76,0.0,0.0,35911.92,0.0,46314.8,49622.8,83091.96,0.0,48486.6,65505.75,666661.8222999998,801.844,1123150.0322999998,-0.0026917864256891244,1.1231500323000008,-0.06359905960000045
2018-06-05,0.0,36840.16,0.0,0.0,40739.600000000006,0.0,0.0,0.0,0.0,52039.68,0.0,0.0,35715.68,0.0,46100.740000000005,49059.50000000001,84553.56,0.0,47213.28,65976.45,666661.8222999998,801.844,1124900.4722999996,0.001558509504215655,1.1249004723000005,-0.061848619600000765
2018-06-06,0.0,38000.48,0.0,0.0,38887.8,0.0,0.0,0.0,0.0,56318.24,0.0,0.0,35501.6,0.0,45585.05,49262.549999999996,82256.76000000001,0.0,47294.28,66996.3,666661.8222999998,801.844,1126764.8823,0.0016573999619613478,1.1267648823000007,-0.059984209600000504
2018-06-07,0.0,38021.200000000004,0.0,0.0,37776.72,0.0,0.0,0.0,0.0,52639.840000000004,0.0,0.0,34270.64,0.0,0.0,49445.95,81264.96,0.0,47223.0,65035.05,712239.0882999997,809.628,1117916.4482999998,-0.007852955074299395,1.1179164483000006,-0.06883264360000063
2018-06-08,0.0,40134.64,0.0,0.0,39165.57000000001,0.0,0.0,0.0,0.0,55776.159999999996,0.0,0.0,34627.44,0.0,0.0,49262.549999999996,81713.87999999999,0.0,48778.200000000004,63858.3,712239.0882999997,809.628,1125555.8282999997,0.006833587618839454,1.1255558283000004,-0.06119326360000077
2018-06-11,0.0,41129.200000000004,0.0,0.0,40924.78,0.0,0.0,0.0,0.0,57266.88,0.0,0.0,34127.92,0.0,0.0,49649.0,79218.72,0.0,48156.119999999995,65976.45,712239.0882999997,809.628,1128688.1582999995,0.002782918377963295,1.1286881583000001,-0.058060933600001086
2018-06-12,0.0,41709.36,0.0,0.0,41109.96000000001,0.0,0.0,0.0,0.0,56124.64,0.0,0.0,34395.520000000004,0.0,0.0,49675.200000000004,79437.96,0.0,48920.76,60877.2,712239.0882999997,809.628,1124489.6882999996,-0.003719778549217345,1.1244896883000002,-0.06225940360000104
2018-06-13,49271.1,41067.04,0.0,0.0,39813.7,0.0,0.0,0.0,0.0,56724.8,0.0,0.0,34270.64,0.0,0.0,49642.450000000004,79792.92000000001,0.0,49228.56,0.0,723157.0392999997,826.2600000000001,1122968.2492999998,-0.001353003958889043,1.1229682493000004,-0.06378084260000083
2018-06-14,49861.833,40984.16,0.0,0.0,39258.16,0.0,0.0,0.0,0.0,58757.600000000006,0.0,0.0,34609.6,0.0,0.0,49766.9,80335.8,0.0,50216.76,0.0,723157.0392999997,826.2600000000001,1126947.8523,0.0035438250391146564,1.1269478523000005,-0.05980123960000072
2018-06-15,50275.902,41294.96,0.0,0.0,39628.520000000004,0.0,0.0,0.0,0.0,58680.159999999996,0.0,0.0,35037.76,0.0,0.0,49642.450000000004,80920.44,0.0,50226.48,0.0,723157.0392999997,826.2600000000001,1128863.7112999996,0.001700042283313774,1.1288637113000002,-0.057885380600001035
2018-06-18,49725.51,41129.200000000004,0.0,0.0,40554.42,0.0,0.0,0.0,0.0,58757.600000000006,0.0,0.0,34734.479999999996,0.0,0.0,48528.950000000004,80064.36,0.0,49147.56,0.0,723157.0392999997,826.2600000000001,1125799.1193,-0.002714758184998778,1.1257991193000003,-0.0609499726000009
2018-06-19,49488.207,0.0,0.0,0.0,39813.7,0.0,0.0,0.0,0.0,58292.96,0.0,0.0,35376.719999999994,0.0,0.0,48188.35,86526.72,0.0,50058.0,0.0,764269.6632999997,842.8360000000001,1132014.3202999996,0.005520701600711941,1.1320143203,-0.054734771600001286
2018-06-20,49609.383,0.0,0.0,0.0,40734.0446,0.0,0.0,0.0,0.0,58757.600000000006,0.0,0.0,36803.92,0.0,0.0,48620.65,94575.96,0.0,51072.119999999995,0.0,764269.6632999997,842.8360000000001,1144443.3409,0.010979561280378913,1.1444433409000003,-0.04230575100000089
2018-06-21,48246.051,0.0,0.0,0.0,39448.8954,0.0,0.0,0.0,0.0,58215.520000000004,0.0,0.0,0.0,0.0,0.0,48456.9,0.0,0.0,50728.68,0.0,895626.9192999997,865.4600000000002,1140722.9656999998,-0.0032508164161927366,1.1407229657000002,-0.046026126200001016
2018-06-22,47205.905999999995,0.0,0.0,0.0,0.0,0.0,0.0,0.0,0.0,61661.600000000006,0.0,0.0,0.0,0.0,0.0,49164.3,0.0,0.0,51577.56,0.0,934927.6706999997,1013.6040000000002,1144537.0366999998,0.003343555898043471,1.1445370367,-0.04221205520000115
2018-06-25,46983.75,0.0,0.0,0.0,0.0,0.0,0.0,0.0,0.0,64797.92,0.0,0.0,0.0,0.0,0.0,48489.65,0.0,0.0,50142.24,0.0,934927.6706999997,1013.6040000000002,1145341.2306999997,0.0007026369389657727,1.1453412307,-0.041407861200001284
2018-06-26,46514.142,0.0,0.0,0.0,0.0,0.0,0.0,0.0,0.0,66075.68000000001,0.0,0.0,0.0,0.0,0.0,48234.2,0.0,0.0,49086.0,0.0,934927.6706999997,1013.6040000000002,1144837.6926999995,-0.000439640158324206,1.1448376926999997,-0.04191139920000153
2018-06-27,46206.153000000006,0.0,0.0,0.0,0.0,0.0,0.0,0.0,0.0,59260.96,0.0,0.0,0.0,0.0,0.0,47448.2,0.0,0.0,47790.0,0.0,934927.6706999997,1013.6040000000002,1135632.9836999995,-0.008040186882990796,1.1356329836999997,-0.051116108200001564
2018-06-28,46670.712,0.0,0.0,0.0,0.0,0.0,0.0,0.0,0.0,60500.0,0.0,0.0,0.0,0.0,0.0,47815.0,0.0,0.0,47819.16,0.0,934927.6706999997,1013.6040000000002,1137732.5426999996,0.001848800651386151,1.1377325426999998,-0.049016549200001425
2018-06-29,46781.79,0.0,0.0,0.0,0.0,0.0,0.0,0.0,0.0,57925.12,0.0,0.0,0.0,0.0,0.0,49478.700000000004,0.0,0.0,55067.04,0.0,934927.6706999997,1013.6040000000002,1144180.3206999998,0.005667217696611493,1.1441803207,-0.04256877120000113
2018-07-02,47014.044,0.0,0.0,0.0,0.0,0.0,0.0,0.0,0.0,56976.479999999996,0.0,0.0,0.0,0.0,0.0,48935.049999999996,0.0,0.0,54953.64000000001,0.0,934927.6706999997,1013.6040000000002,1142806.8846999998,-0.0012003667386620842,1.1428068847000001,-0.04394220720000108
2018-07-03,47266.494,0.0,0.0,0.0,0.0,0.0,0.0,0.0,49371.84,57712.159999999996,0.0,0.0,0.0,0.0,0.0,49426.299999999996,0.0,0.0,54344.52,0.0,884884.6466999997,1059.1080000000002,1143005.9606999997,0.00017419916056260476,1.1430059607,-0.04374313120000117
2018-07-05,47705.808000000005,0.0,0.0,0.0,0.0,0.0,0.0,0.0,52386.48,56376.32,0.0,0.0,0.0,0.0,0.0,50408.799999999996,0.0,0.0,54914.76,0.0,884884.6466999997,1059.1080000000002,1146676.8146999998,0.0032115790522666554,1.1466768147000002,-0.04007227720000106
2018-07-06,48937.815,0.0,0.0,0.0,0.0,0.0,0.0,0.0,56368.08,56550.560000000005,0.0,0.0,0.0,0.0,0.0,50546.35,0.0,0.0,56197.799999999996,0.0,884884.6466999997,1059.1080000000002,1153485.2517,0.005937537859594277,1.1534852517000005,-0.03326384020000073
2018-07-09,48998.403,0.0,0.0,0.0,0.0,0.0,0.0,0.0,59268.96,49445.439999999995,0.0,0.0,0.0,0.0,0.0,50762.5,0.0,0.0,56427.84,0.0,884884.6466999997,1059.1080000000002,1149787.7896999996,-0.0032054696794354687,1.1497877897000002,-0.036961302200001045
2018-07-10,49907.274,0.0,0.0,0.0,0.0,0.0,0.0,0.0,62511.12,45641.2,0.0,0.0,0.0,0.0,0.0,50624.950000000004,0.0,0.0,56735.64000000001,0.0,884884.6466999997,1059.1080000000002,1150304.8306999996,0.00044968385003896216,1.1503048307000003,-0.03644426120000088
2018-07-11,47948.16,0.0,0.0,0.0,0.0,0.0,0.0,0.0,64388.16,43850.399999999994,0.0,0.0,0.0,0.0,0.0,50009.24999999999,0.0,0.0,56703.24,0.0,884884.6466999997,1059.1080000000002,1147783.8566999997,-0.002191570384404873,1.1477838567000003,-0.03896523520000095
2018-07-12,48761.1,0.0,0.0,0.0,0.0,0.0,0.0,0.0,66037.68,44198.88,0.0,0.0,0.0,0.0,0.0,51705.7,0.0,0.0,57759.48,0.0,884884.6466999997,1059.1080000000002,1153347.4866999995,0.004847280232705087,1.1533474867000002,-0.03340160520000102
2018-07-13,49281.299999999996,0.0,0.0,0.0,0.0,0.0,0.0,0.0,65753.28,45108.8,0.0,0.0,0.0,0.0,0.0,51600.9,0.0,0.0,58482.0,0.0,884884.6466999997,1059.1080000000002,1155110.9266999997,0.001528975456517312,1.1551109267000004,-0.031638165200000845
2018-07-16,49087.5,0.0,0.0,0.0,0.0,0.0,0.0,0.0,61032.240000000005,44005.28,0.0,0.0,0.0,0.0,0.0,51476.450000000004,0.0,0.0,58715.28,0.0,884884.6466999997,1059.1080000000002,1149201.3966999997,-0.005115984849076605,1.1492013967000003,-0.0375476952000009
2018-07-17,48659.1,0.0,0.0,0.0,0.0,0.0,0.0,0.0,60179.04,46192.96,0.0,0.0,0.0,0.0,0.0,51548.5,0.0,0.0,59159.16,0.0,884884.6466999997,1059.1080000000002,1150623.4066999997,0.0012373897247979215,1.1506234067000003,-0.03612568520000092
2018-07-18,48144.0,0.0,0.0,0.0,0.0,0.0,0.0,0.0,58302.0,45941.28,0.0,0.0,0.0,0.0,0.0,53028.799999999996,0.0,0.0,58686.119999999995,0.0,884884.6466999997,1059.1080000000002,1148986.8466999999,-0.0014223246202625939,1.1489868467000004,-0.03776224520000082
2018-07-19,45874.5,0.0,0.0,0.0,0.0,0.0,0.0,0.0,57278.16,47180.32,0.0,0.0,0.0,0.0,0.0,52924.0,0.0,0.0,58358.880000000005,0.0,884884.6466999997,1059.1080000000002,1146500.5066999998,-0.002163941221034027,1.1465005067000003,-0.040248585200000964
2018-07-20,45344.1,0.0,0.0,0.0,0.0,0.0,0.0,0.0,57903.84,47102.88,0.0,0.0,0.0,0.0,0.0,53886.85,0.0,0.0,57477.6,0.0,884884.6466999997,1059.1080000000002,1146599.9166999995,8.670733193638647e-05,1.1465999166999998,-0.040149175200001386
2018-07-23,45594.0,0.0,0.0,0.0,0.0,0.0,0.0,0.0,57619.44,46948.0,0.0,0.0,0.0,0.0,0.0,53867.2,0.0,0.0,57198.96,0.0,884884.6466999997,1059.1080000000002,1146112.2466999996,-0.00042531836336034967,1.1461122466999998,-0.04063684520000144
2018-07-24,46685.4,0.0,0.0,0.0,0.0,0.0,46957.04,0.0,56936.88,44760.32,0.0,0.0,0.0,0.0,0.0,54044.05,0.0,0.0,56661.119999999995,0.0,834887.2546999997,1063.5400000000002,1140932.0646999998,-0.004519785924035902,1.1409320646999999,-0.04581702720000136
2018-07-25,47491.200000000004,0.0,0.0,0.0,0.0,0.0,47090.0,0.0,59155.200000000004,45941.28,0.0,0.0,0.0,0.0,0.0,54325.7,0.0,0.0,57286.44,0.0,834887.2546999997,1063.5400000000002,1146177.0746999995,0.004597127350767227,1.1461770746999995,-0.0405720172000017
2018-07-26,47909.4,0.0,0.0,0.0,0.0,0.0,47256.2,0.0,57221.280000000006,45747.68,0.0,0.0,0.0,0.0,0.0,54528.75,0.0,0.0,56981.880000000005,0.0,834887.2546999997,1063.5400000000002,1144532.4446999996,-0.001434883000456466,1.1445324446999996,-0.04221664720000162
2018-07-27,46185.6,0.0,0.0,0.0,0.0,0.0,48292.18,0.0,52073.64,45050.72,0.0,0.0,0.0,0.0,0.0,54685.95,0.0,0.0,55760.4,0.0,834887.2546999997,1063.5400000000002,1136935.7446999997,-0.006637382832769934,1.1369357446999997,-0.04981334720000152
2018-07-30,46639.5,0.0,0.0,0.0,0.0,0.0,47588.600000000006,0.0,52500.240000000005,41875.68,0.0,0.0,0.0,0.0,0.0,54875.9,0.0,0.0,56512.079999999994,0.0,834887.2546999997,1063.5400000000002,1134879.2546999997,-0.0018088005497114423,1.1348792546999997,-0.05186983720000149
2018-07-31,47037.3,0.0,0.0,0.0,0.0,0.0,47871.14,0.0,55401.12,41759.520000000004,47419.26,0.0,0.0,0.0,0.0,54954.50000000001,0.0,0.0,56716.200000000004,0.0,784629.2906999997,1321.6040000000003,1135788.3306999998,0.0008010332343597604,1.1357883306999998,-0.05096076120000137
2018-08-01,47894.1,0.0,0.0,0.0,0.0,0.0,48048.420000000006,0.0,57733.200000000004,41256.159999999996,48387.0,0.0,0.0,0.0,0.0,54816.95,0.0,0.0,57629.880000000005,0.0,784629.2906999997,1321.6040000000003,1140395.0006999995,0.004055922988010163,1.1403950006999997,-0.04635409120000156
2018-08-02,48511.200000000004,0.0,0.0,0.0,0.0,0.0,44547.14,0.0,59041.44,42011.2,48709.58,0.0,0.0,0.0,0.0,55065.85,0.0,0.0,57636.35999999999,0.0,784629.2906999997,1321.6040000000003,1140152.0606999996,-0.00021303144949846864,1.1401520606999997,-0.04659703120000147
2018-08-03,49230.3,0.0,0.0,0.0,0.0,0.0,43710.600000000006,0.0,58870.799999999996,42398.399999999994,45483.78,0.0,0.0,0.0,0.0,54581.15,0.0,0.0,56550.96,0.0,784629.2906999997,1321.6040000000003,1135455.2806999995,-0.004119432979068138,1.1354552806999996,-0.05129381120000165
2018-08-03,49230.3,0.0,0.0,0.0,0.0,0.0,43710.600000000006,0.0,58870.799999999996,42398.399999999994,45483.78,0.0,0.0,0.0,0.0,54581.15,0.0,0.0,56550.96,0.0,784629.2906999997,1321.6040000000003,1135455.2806999995,0.0,1.1354552806999996,-0.05129381120000165
